synced_at,canonical_company_id,company,rating,source_files,source_ids,status,cadence_days,career_url,note
2026-08-26T13:45:43.083490+00:00,maersk,A.P. Moller - Maersk,A,job_sources_corporate.csv,maersk-global,active_existing_source,7,https://maersk.wd3.myworkdayjobs.com/Maersk_Careers,Cadence/enabled synced from A; calibrated adapter and seed URL preserved.
2026-08-26T13:45:43.083490+00:00,ap-moller-holding,A.P. Moller Holding,A,job_sources_holdings.csv,ap-moller-holding-global,active_existing_source,7,https://apmoller.com/careers/,Cadence/enabled synced from A; calibrated adapter and seed URL preserved.
2026-08-26T13:45:43.083490+00:00,abb,ABB,A,job_sources_corporate.csv,abb-global,active_existing_source,7,https://careers.abb/global/en/search-results,Cadence/enabled synced from A; calibrated adapter and seed URL preserved.
2026-08-26T13:45:43.083490+00:00,aqr,AQR Capital Management,A,job_sources_specialist_funds.csv,aqr-global,active_existing_source,7,https://www.aqr.com/About-Us/Careers,Cadence/enabled synced from A; calibrated adapter and seed URL preserved.
2026-08-26T13:45:43.083490+00:00,advent-international,Advent International,A,job_sources_pe.csv,advent-global,active_existing_source,7,https://www.adventinternational.com/careers/,Cadence/enabled synced from A; calibrated adapter and seed URL preserved.
2026-08-26T13:45:43.083490+00:00,airbus,Airbus,A,job_sources_corporate.csv,airbus-global,active_existing_source,7,https://ag.wd3.myworkdayjobs.com/Airbus,Cadence/enabled synced from A; calibrated adapter and seed URL preserved.
2026-08-26T13:45:43.083490+00:00,alixpartners,AlixPartners,A,job_sources_consulting.csv,alixpartners-global,active_existing_source,7,https://job-boards.greenhouse.io/alixpartners,Cadence/enabled synced from A; calibrated adapter and seed URL preserved.
2026-08-26T13:45:43.083490+00:00,allianz-group,Allianz Group,A,job_sources_financial_services.csv,allianz-group-global,active_existing_source,7,https://careers.allianz.com/global/en,Cadence/enabled synced from A; calibrated adapter and seed URL preserved.
2026-08-26T13:45:43.083490+00:00,altor,Altor,A,job_sources_pe.csv,altor-global,active_existing_source,7,https://careers.altor.com/,Cadence/enabled synced from A; calibrated adapter and seed URL preserved.
2026-08-26T13:45:43.083490+00:00,alvarez-marsal,Alvarez & Marsal,A,job_sources_consulting.csv,alvarez-marsal-global,active_existing_source,7,https://careers.alvarezandmarsal.com/,Cadence/enabled synced from A; calibrated adapter and seed URL preserved.
2026-08-26T13:45:43.083490+00:00,ardian,Ardian,A,job_sources_pe.csv,ardian-global,active_existing_source,7,https://ardian.wd103.myworkdayjobs.com/ArdianCareers,Cadence/enabled synced from A; calibrated adapter and seed URL preserved.
2026-08-26T13:45:43.083490+00:00,ares,Ares Management,A,job_sources_pe.csv,ares-global,active_existing_source,7,https://aresmgmt.wd1.myworkdayjobs.com/en-US/External,Cadence/enabled synced from A; calibrated adapter and seed URL preserved.
2026-08-26T13:45:43.083490+00:00,axcel,Axcel,A,job_sources_pe.csv,axcel-global,active_existing_source,7,https://axcel.dk/career/,Cadence/enabled synced from A; calibrated adapter and seed URL preserved.
2026-08-26T13:45:43.083490+00:00,bae-systems,BAE Systems,A,job_sources_corporate.csv,bae-systems-global,active_existing_source,7,https://jobsearch.baesystems.com/,Cadence/enabled synced from A; calibrated adapter and seed URL preserved.
2026-08-26T13:45:43.083490+00:00,bawag,BAWAG Group,A,job_sources_financial_services.csv,bawag-global,active_existing_source,7,https://jobs.bawaggroup.at,Cadence/enabled synced from A; calibrated adapter and seed URL preserved.
2026-08-26T13:45:43.083490+00:00,bc-partners,BC Partners,A,job_sources_pe.csv,bc-partners-global,active_existing_source,7,https://www.bcpartners.com/careers/,Cadence/enabled synced from A; calibrated adapter and seed URL preserved.
2026-08-26T13:45:43.083490+00:00,bdo,BDO,A,job_sources_consulting.csv,bdo-global,active_existing_source,7,https://www.bdo.global/en-gb/careers,Cadence/enabled synced from A; calibrated adapter and seed URL preserved.
2026-08-26T13:45:43.083490+00:00,bmw,BMW Group,A,job_sources_corporate.csv,bmw-global,active_existing_source,7,https://www.bmwgroup.jobs/en/search.html,Cadence/enabled synced from A; calibrated adapter and seed URL preserved.
2026-08-26T13:45:43.083490+00:00,bain,Bain & Company,A,job_sources_consulting.csv,bain-global,active_existing_source,7,https://www.bain.com/careers/find-a-role/,Cadence/enabled synced from A; calibrated adapter and seed URL preserved.
2026-08-26T13:45:43.083490+00:00,bain-capital,Bain Capital,A,job_sources_pe.csv,bain-capital-global,active_existing_source,7,https://baincapital.wd1.myworkdayjobs.com/External_Public,Cadence/enabled synced from A; calibrated adapter and seed URL preserved.
2026-08-26T13:45:43.083490+00:00,bank-of-america,Bank of America,A,job_sources_investment_banking.csv,bank-of-america-global,active_existing_source,7,https://careers.bankofamerica.com/en-us,Cadence/enabled synced from A; calibrated adapter and seed URL preserved.
2026-08-26T13:45:43.083490+00:00,barclays,Barclays,A,job_sources_financial_services.csv,barclays-global,active_existing_source,7,https://barclays.wd3.myworkdayjobs.com/External_Career_Site_Barclays,Cadence/enabled synced from A; calibrated adapter and seed URL preserved.
2026-08-26T13:45:43.083490+00:00,blackrock,BlackRock,A,job_sources_public_markets.csv,blackrock-global,active_existing_source,7,https://careers.blackrock.com/,Cadence/enabled synced from A; calibrated adapter and seed URL preserved.
2026-08-26T13:45:43.083490+00:00,bosch,Bosch,A,job_sources_corporate.csv,bosch-global,active_existing_source,7,https://careers.smartrecruiters.com/BoschGroup,Cadence/enabled synced from A; calibrated adapter and seed URL preserved.
2026-08-26T13:45:43.083490+00:00,capco,Capco,A,job_sources_consulting.csv,capco-global,active_existing_source,7,https://job-boards.greenhouse.io/capco,Cadence/enabled synced from A; calibrated adapter and seed URL preserved.
2026-08-26T13:45:43.083490+00:00,capvis,Capvis,A,job_sources_pe.csv,capvis-global,active_existing_source,7,https://www.capvis.com/careers/,Cadence/enabled synced from A; calibrated adapter and seed URL preserved.
2026-08-26T13:45:43.083490+00:00,carlsberg,Carlsberg Group,A,job_sources_corporate.csv,carlsberg-global,active_existing_source,7,https://career2.successfactors.eu/career?company=carlsbergg,Cadence/enabled synced from A; calibrated adapter and seed URL preserved.
2026-08-26T13:45:43.083490+00:00,cinven,Cinven,A,job_sources_pe.csv,cinven-global,active_existing_source,7,https://cinven.pinpointhq.com/,Cadence/enabled synced from A; calibrated adapter and seed URL preserved.
2026-08-26T13:45:43.083490+00:00,citigroup,Citi,A,job_sources_investment_banking.csv,citigroup-global,active_existing_source,7,https://jobs.citi.com/,Cadence/enabled synced from A; calibrated adapter and seed URL preserved.
2026-08-26T13:45:43.083490+00:00,commerzbank,Commerzbank,A,job_sources_financial_services.csv,commerzbank-global,active_existing_source,7,https://jobs.commerzbank.com/index.php?ac=search_result,Cadence/enabled synced from A; calibrated adapter and seed URL preserved.
2026-08-26T13:45:43.083490+00:00,continental,Continental,A,job_sources_corporate.csv,continental-global,active_existing_source,7,https://careers.smartrecruiters.com/Continental,Cadence/enabled synced from A; calibrated adapter and seed URL preserved.
2026-08-26T13:45:43.083490+00:00,de-shaw,D. E. Shaw,A,job_sources_specialist_funds.csv,de-shaw-global,active_existing_source,7,https://www.deshaw.com/careers,Cadence/enabled synced from A; calibrated adapter and seed URL preserved.
2026-08-26T13:45:43.083490+00:00,dhl,DHL Group,A,job_sources_corporate.csv,dhl-global,active_existing_source,7,https://careers.dhl.com/global/en/search-results,Cadence/enabled synced from A; calibrated adapter and seed URL preserved.
2026-08-26T13:45:43.083490+00:00,dnb,DNB Group,A,job_sources_financial_services.csv,dnb-global,active_existing_source,7,https://careers.smartrecruiters.com/DNB1,Cadence/enabled synced from A; calibrated adapter and seed URL preserved.
2026-08-26T13:45:43.083490+00:00,dws,DWS Group,A,job_sources_public_markets.csv,dws-global,active_existing_source,7,https://www.dws.com/en-us/about-us/careers/,Cadence/enabled synced from A; calibrated adapter and seed URL preserved.
2026-08-26T13:45:43.083490+00:00,dz-bank,DZ BANK,A,job_sources_financial_services.csv,dz-bank-global,active_existing_source,7,https://career012.successfactors.eu/career?company=DZBank,Cadence/enabled synced from A; calibrated adapter and seed URL preserved.
2026-08-26T13:45:43.083490+00:00,danske-bank,Danske Bank,A,job_sources_financial_services.csv,danske-bank-global,active_existing_source,7,https://danskebank.com/careers,Cadence/enabled synced from A; calibrated adapter and seed URL preserved.
2026-08-26T13:45:43.083490+00:00,deutsche-bank,Deutsche Bank,A,job_sources_financial_services.csv,deutsche-bank-global,active_existing_source,7,https://db.wd3.myworkdayjobs.com/DBWebsite,Cadence/enabled synced from A; calibrated adapter and seed URL preserved.
2026-08-26T13:45:43.083490+00:00,dbag,Deutsche Beteiligungs AG,A,job_sources_pe.csv,dbag-global,active_existing_source,7,https://dbag.careers.hibob.com/jobs,Cadence/enabled synced from A; calibrated adapter and seed URL preserved.
2026-08-26T13:45:43.083490+00:00,diageo,Diageo,A,job_sources_corporate.csv,diageo-global,active_existing_source,7,https://diageo.wd3.myworkdayjobs.com/Diageo_Careers,Cadence/enabled synced from A; calibrated adapter and seed URL preserved.
2026-08-26T13:45:43.083490+00:00,eon,E.ON,A,job_sources_corporate.csv,eon-global,active_existing_source,7,https://careers.eon.com/,Cadence/enabled synced from A; calibrated adapter and seed URL preserved.
2026-08-26T13:45:43.083490+00:00,enbw,EnBW,A,job_sources_corporate.csv,enbw-global,active_existing_source,7,https://careers.enbw.com/de/de,Cadence/enabled synced from A; calibrated adapter and seed URL preserved.
2026-08-26T13:45:43.083490+00:00,equinor,Equinor,A,job_sources_corporate.csv,equinor-global,active_existing_source,7,https://www.equinor.com/careers,Cadence/enabled synced from A; calibrated adapter and seed URL preserved.
2026-08-26T13:45:43.083490+00:00,ericsson,Ericsson,A,job_sources_corporate.csv,ericsson-global,active_existing_source,7,https://www.ericsson.com/en/careers,Cadence/enabled synced from A; calibrated adapter and seed URL preserved.
2026-08-26T13:45:43.083490+00:00,erste-group,Erste Group,A,job_sources_financial_services.csv,erste-group-global,active_existing_source,7,https://www.erstegroup.com/en/career,Cadence/enabled synced from A; calibrated adapter and seed URL preserved.
2026-08-26T13:45:43.083490+00:00,ebrd,European Bank for Reconstruction and Development,A,job_sources_financial_services.csv,ebrd-global,active_existing_source,7,https://jobs.ebrd.com/,Cadence/enabled synced from A; calibrated adapter and seed URL preserved.
2026-08-26T13:45:43.083490+00:00,evercore,Evercore,A,job_sources_investment_banking.csv,evercore-global,active_existing_source,7,https://www.evercore.com/careers/,Cadence/enabled synced from A; calibrated adapter and seed URL preserved.
2026-08-26T13:45:43.083490+00:00,exor,Exor,A,job_sources_holdings.csv,exor-global,active_existing_source,7,https://www.exor.com/pages/exor/careers,Cadence/enabled synced from A; calibrated adapter and seed URL preserved.
2026-08-26T13:45:43.083490+00:00,fsn-capital,FSN Capital,A,job_sources_pe.csv,fsn-capital-global,active_existing_source,7,https://www.fsncapital.com/careers,Cadence/enabled synced from A; calibrated adapter and seed URL preserved.
2026-08-26T13:45:43.083490+00:00,fti-consulting,FTI Consulting,A,job_sources_consulting.csv,fti-consulting-global,active_existing_source,7,https://fticonsult.referrals.selectminds.com/,Cadence/enabled synced from A; calibrated adapter and seed URL preserved.
2026-08-26T13:45:43.083490+00:00,fidelity-international,Fidelity International,A,job_sources_pe.csv,fidelity-international-global,active_existing_source,7,https://careers.fidelityinternational.com/,Cadence/enabled synced from A; calibrated adapter and seed URL preserved.
2026-08-26T13:45:43.083490+00:00,forvis-mazars,Forvis Mazars,A,job_sources_consulting.csv,forvis-mazars-global,active_existing_source,7,https://www.forvismazars.com/group/en/join-us,Cadence/enabled synced from A; calibrated adapter and seed URL preserved.
2026-08-26T13:45:43.083490+00:00,glencore,Glencore,A,job_sources_corporate.csv,glencore-global,active_existing_source,7,https://www.glencore.com/en/careers/jobs,Cadence/enabled synced from A; calibrated adapter and seed URL preserved.
2026-08-26T13:45:43.083490+00:00,goldman-sachs,Goldman Sachs,A,job_sources_investment_banking.csv,goldman-sachs-global,active_existing_source,7,https://www.goldmansachs.com/careers/,Cadence/enabled synced from A; calibrated adapter and seed URL preserved.
2026-08-26T13:45:43.083490+00:00,grant-thornton,Grant Thornton,A,job_sources_consulting.csv,grant-thornton-global,active_existing_source,7,https://www.grantthornton.global/en/careers/,Cadence/enabled synced from A; calibrated adapter and seed URL preserved.
2026-08-26T13:45:43.083490+00:00,hsbc,HSBC Holdings,A,job_sources_financial_services.csv,hsbc-global,active_existing_source,7,https://www.hsbc.com/careers,Cadence/enabled synced from A; calibrated adapter and seed URL preserved.
2026-08-26T13:45:43.083490+00:00,handelsbanken,Handelsbanken,A,job_sources_financial_services.csv,handelsbanken-global,active_existing_source,7,https://www.handelsbanken.com/en/careers/vacancies,Cadence/enabled synced from A; calibrated adapter and seed URL preserved.
2026-08-26T13:45:43.083490+00:00,henkel,Henkel,A,job_sources_corporate.csv,henkel-global,active_existing_source,7,https://www.henkel.com/careers/find-your-job-apply,Cadence/enabled synced from A; calibrated adapter and seed URL preserved.
2026-08-26T13:45:43.083490+00:00,holcim,Holcim,A,job_sources_corporate.csv,holcim-global,active_existing_source,7,https://careers.holcimgroup.com/?locale=en_US,Cadence/enabled synced from A; calibrated adapter and seed URL preserved.
2026-08-26T13:45:43.083490+00:00,horvath,Horváth,A,job_sources_consulting.csv,horvath-global,active_existing_source,7,https://horvath.wd3.myworkdayjobs.com/en-US/Horvath_Careers,Cadence/enabled synced from A; calibrated adapter and seed URL preserved.
2026-08-26T13:45:43.083490+00:00,ibm-consulting,IBM Consulting,A,job_sources_consulting.csv,ibm-consulting-global,active_existing_source,7,https://www.ibm.com/careers/search,Cadence/enabled synced from A; calibrated adapter and seed URL preserved.
2026-08-26T13:45:43.083490+00:00,ing,ING Group,A,job_sources_financial_services.csv,ing-global,active_existing_source,7,https://ing.wd3.myworkdayjobs.com/ICSGBLCOR,Cadence/enabled synced from A; calibrated adapter and seed URL preserved.
2026-08-26T13:45:43.083490+00:00,implement-consulting,Implement Consulting Group,A,job_sources_consulting.csv,implement-consulting-global,active_existing_source,7,https://implementconsultinggroup.com/career,Cadence/enabled synced from A; calibrated adapter and seed URL preserved.
2026-08-26T13:45:43.083490+00:00,industrivarden,Industrivärden,A,job_sources_holdings.csv,industrivarden-global,active_existing_source,7,https://www.industrivarden.se/en-gb/career/,Cadence/enabled synced from A; calibrated adapter and seed URL preserved.
2026-08-26T13:45:43.083490+00:00,icg,Intermediate Capital Group,A,job_sources_pe.csv,icg-global,active_existing_source,7,https://icg.wd3.myworkdayjobs.com/en-US/external_careers,Cadence/enabled synced from A; calibrated adapter and seed URL preserved.
2026-08-26T13:45:43.083490+00:00,invesco,Invesco,A,job_sources_pe.csv,invesco-global,active_existing_source,7,https://careers.invesco.com/,Cadence/enabled synced from A; calibrated adapter and seed URL preserved.
2026-08-26T13:45:43.083490+00:00,investor-ab,Investor AB,A,job_sources_holdings.csv,investor-ab-global,active_existing_source,7,https://www.investorab.com/career/,Cadence/enabled synced from A; calibrated adapter and seed URL preserved.
2026-08-26T13:45:43.083490+00:00,jpmorgan-chase,JPMorgan Chase,A,job_sources_investment_banking.csv,jpmorgan-chase-global,active_existing_source,7,https://careers.jpmorgan.com/global/en/home,Cadence/enabled synced from A; calibrated adapter and seed URL preserved.
2026-08-26T13:45:43.083490+00:00,janus-henderson,Janus Henderson,A,job_sources_pe.csv,janus-henderson-global,active_existing_source,7,https://www.janushenderson.com/corporate/careers/,Cadence/enabled synced from A; calibrated adapter and seed URL preserved.
2026-08-26T13:45:43.083490+00:00,jefferies,Jefferies,A,job_sources_investment_banking.csv,jefferies-global,active_existing_source,7,https://www.jefferies.com/careers/,Cadence/enabled synced from A; calibrated adapter and seed URL preserved.
2026-08-26T13:45:43.083490+00:00,kone,KONE,A,job_sources_corporate.csv,kone-global,active_existing_source,7,https://kone.wd3.myworkdayjobs.com/Careers,Cadence/enabled synced from A; calibrated adapter and seed URL preserved.
2026-08-26T13:45:43.083490+00:00,lek-consulting,L.E.K. Consulting,A,job_sources_consulting.csv,lek-global,active_existing_source,7,https://www.lek.com/careers,Cadence/enabled synced from A; calibrated adapter and seed URL preserved.
2026-08-26T13:45:43.083490+00:00,lbbw,LBBW,A,job_sources_financial_services.csv,lbbw-global,active_existing_source,7,https://karriere.lbbw.de/,Cadence/enabled synced from A; calibrated adapter and seed URL preserved.
2026-08-26T13:45:43.083490+00:00,lazard,Lazard,A,job_sources_investment_banking.csv,lazard-global,active_existing_source,7,https://www.lazard.com/careers/,Cadence/enabled synced from A; calibrated adapter and seed URL preserved.
2026-08-26T13:45:43.083490+00:00,lloyds-banking-group,Lloyds Banking Group,A,job_sources_financial_services.csv,lloyds-banking-group-global,active_existing_source,7,https://lbg.wd3.myworkdayjobs.com/LBG_Careers,Cadence/enabled synced from A; calibrated adapter and seed URL preserved.
2026-08-26T13:45:43.083490+00:00,mg,M&G,A,job_sources_pe.csv,mg-global,active_existing_source,7,https://www.mandg.com/careers,Cadence/enabled synced from A; calibrated adapter and seed URL preserved.
2026-08-26T13:45:43.083490+00:00,man-group,Man Group,A,job_sources_pe.csv,man-group-global,active_existing_source,7,https://www.man.com/careers,Cadence/enabled synced from A; calibrated adapter and seed URL preserved.
2026-08-26T13:45:43.083490+00:00,mercedes-benz,Mercedes-Benz Group,A,job_sources_corporate.csv,mercedes-benz-global,active_existing_source,7,https://jobs.mercedes-benz.com/enUS,Cadence/enabled synced from A; calibrated adapter and seed URL preserved.
2026-08-26T13:45:43.083490+00:00,morgan-stanley,Morgan Stanley,A,job_sources_investment_banking.csv,morgan-stanley-global,active_existing_source,7,https://www.morganstanley.com/people-opportunities,Cadence/enabled synced from A; calibrated adapter and seed URL preserved.
2026-08-26T13:45:43.083490+00:00,munich-re,Munich Re Group,A,job_sources_financial_services.csv,munich-re-global,active_existing_source,7,https://careers.munichre.com/en/munichre,Cadence/enabled synced from A; calibrated adapter and seed URL preserved.
2026-08-26T13:45:43.083490+00:00,mutares,Mutares,A,job_sources_pe.csv,mutares-global,active_existing_source,7,https://career.mutares.com/jobs,Cadence/enabled synced from A; calibrated adapter and seed URL preserved.
2026-08-26T13:45:43.083490+00:00,natwest,NatWest Group,A,job_sources_financial_services.csv,natwest-global,active_existing_source,7,https://jobs.natwestgroup.com/search/jobs,Cadence/enabled synced from A; calibrated adapter and seed URL preserved.
2026-08-26T13:45:43.083490+00:00,nestle,Nestlé,A,job_sources_corporate.csv,nestle-global,active_existing_source,7,https://career2.successfactors.eu/careers?company=nestleHRprdBX,Cadence/enabled synced from A; calibrated adapter and seed URL preserved.
2026-08-26T13:45:43.083490+00:00,nokia,Nokia,A,job_sources_corporate.csv,nokia-global,active_existing_source,7,https://www.nokia.com/about-us/careers/,Cadence/enabled synced from A; calibrated adapter and seed URL preserved.
2026-08-26T13:45:43.083490+00:00,nordea,Nordea,A,job_sources_financial_services.csv,nordea-global,active_existing_source,7,https://www.nordea.com/en/careers,Cadence/enabled synced from A; calibrated adapter and seed URL preserved.
2026-08-26T13:45:43.083490+00:00,nordic-capital,Nordic Capital,A,job_sources_pe.csv,nordic-capital-global,active_existing_source,7,https://career.nordiccapital.com/jobs,Cadence/enabled synced from A; calibrated adapter and seed URL preserved.
2026-08-26T13:45:43.083490+00:00,nbim,Norges Bank Investment Management,A,job_sources_public_markets.csv,nbim-global,active_existing_source,7,https://www.nbim.no/en/about-us/career/vacancies/,Cadence/enabled synced from A; calibrated adapter and seed URL preserved.
2026-08-26T13:45:43.083490+00:00,occ-strategy,OC&C Strategy Consultants,A,job_sources_consulting.csv,occ-strategy-global,active_existing_source,7,https://www.occstrategy.com/en/careers/,Cadence/enabled synced from A; calibrated adapter and seed URL preserved.
2026-08-26T13:45:43.083490+00:00,omv,OMV Group,A,job_sources_corporate.csv,omv-global,active_existing_source,7,https://careers.omv.com/?locale=en_US,Cadence/enabled synced from A; calibrated adapter and seed URL preserved.
2026-08-26T13:45:43.083490+00:00,op-financial,OP Financial Group,A,job_sources_financial_services.csv,op-financial-global,active_existing_source,7,https://www.op-careers.fi/,Cadence/enabled synced from A; calibrated adapter and seed URL preserved.
2026-08-26T13:45:43.083490+00:00,oliver-wyman,Oliver Wyman,A,job_sources_consulting.csv,oliver-wyman-global,active_existing_source,7,https://careers.marsh.com/global/en/oliver-wyman,Cadence/enabled synced from A; calibrated adapter and seed URL preserved.
2026-08-26T13:45:43.083490+00:00,pai-partners,PAI Partners,A,job_sources_pe.csv,pai-global,active_existing_source,7,https://www.paipartners.com/careers/,Cadence/enabled synced from A; calibrated adapter and seed URL preserved.
2026-08-26T13:45:43.083490+00:00,partners-group,Partners Group,A,job_sources_pe.csv,partners-group-global,active_existing_source,7,https://jobs.partnersgroup.com/,Cadence/enabled synced from A; calibrated adapter and seed URL preserved.
2026-08-26T13:45:43.083490+00:00,porsche,Porsche AG,A,job_sources_corporate.csv,porsche-global,active_existing_source,7,https://jobs.porsche.com/index.php?ac=start,Cadence/enabled synced from A; calibrated adapter and seed URL preserved.
2026-08-26T13:45:43.083490+00:00,porsche-se,Porsche Automobil Holding,A,job_sources_holdings.csv,porsche-se-global,active_existing_source,7,https://www.porsche-se.com/en/company/career,Cadence/enabled synced from A; calibrated adapter and seed URL preserved.
2026-08-26T13:45:43.083490+00:00,protiviti,Protiviti,A,job_sources_consulting.csv,protiviti-global,active_existing_source,7,https://www.protiviti.com/gl-en/careers,Cadence/enabled synced from A; calibrated adapter and seed URL preserved.
2026-08-26T13:45:43.083490+00:00,rsm,RSM,A,job_sources_consulting.csv,rsm-global,active_existing_source,7,https://www.rsm.global/careers,Cadence/enabled synced from A; calibrated adapter and seed URL preserved.
2026-08-26T13:45:43.083490+00:00,rwe,RWE,A,job_sources_corporate.csv,rwe-global,active_existing_source,7,https://jobs.rwe.com/,Cadence/enabled synced from A; calibrated adapter and seed URL preserved.
2026-08-26T13:45:43.083490+00:00,reckitt,Reckitt,A,job_sources_corporate.csv,reckitt-global,active_existing_source,7,https://career2.successfactors.eu/careers?company=reckittb01,Cadence/enabled synced from A; calibrated adapter and seed URL preserved.
2026-08-26T13:45:43.083490+00:00,robeco,Robeco,A,job_sources_public_markets.csv,robeco-global,active_existing_source,7,https://robeco.wd3.myworkdayjobs.com/robecoexternalcareers,Cadence/enabled synced from A; calibrated adapter and seed URL preserved.
2026-08-26T13:45:43.083490+00:00,roland-berger,Roland Berger,A,job_sources_consulting.csv,roland-berger-global,active_existing_source,7,https://www.rolandberger.com/en/Join/All-Jobs/,Cadence/enabled synced from A; calibrated adapter and seed URL preserved.
2026-08-26T13:45:43.083490+00:00,rolls-royce,Rolls-Royce,A,job_sources_corporate.csv,rolls-royce-global,active_existing_source,7,https://rollsroyce.wd3.myworkdayjobs.com/professional,Cadence/enabled synced from A; calibrated adapter and seed URL preserved.
2026-08-26T13:45:43.083490+00:00,rothschild-co,Rothschild & Co,A,job_sources_investment_banking.csv,rothschild-co-global,active_existing_source,7,https://www.rothschildandco.com/en/careers/,Cadence/enabled synced from A; calibrated adapter and seed URL preserved.
2026-08-26T13:45:43.083490+00:00,sap,SAP,A,job_sources_corporate.csv,sap-global,active_existing_source,7,https://jobs.sap.com/,Cadence/enabled synced from A; calibrated adapter and seed URL preserved.
2026-08-26T13:45:43.083490+00:00,seb,SEB Group,A,job_sources_financial_services.csv,seb-global,active_existing_source,7,https://sebgroup.com/career,Cadence/enabled synced from A; calibrated adapter and seed URL preserved.
2026-08-26T13:45:43.083490+00:00,sampo,Sampo Group,A,job_sources_financial_services.csv,sampo-global,active_existing_source,7,https://www.sampo.com/careers/,Cadence/enabled synced from A; calibrated adapter and seed URL preserved.
2026-08-26T13:45:43.083490+00:00,schroders,Schroders,A,job_sources_public_markets.csv,schroders-global,active_existing_source,7,https://www.schroders.com/en/global/individual/careers/,Cadence/enabled synced from A; calibrated adapter and seed URL preserved.
2026-08-26T13:45:43.083490+00:00,shell,Shell,A,job_sources_corporate.csv,shell-global,active_existing_source,7,https://shell.wd3.myworkdayjobs.com/ShellCareers,Cadence/enabled synced from A; calibrated adapter and seed URL preserved.
2026-08-26T13:45:43.083490+00:00,siemens,Siemens,A,job_sources_corporate.csv,siemens-global,active_existing_source,7,https://www.siemens.com/de-de/company/jobs/,Cadence/enabled synced from A; calibrated adapter and seed URL preserved.
2026-08-26T13:45:43.083490+00:00,standard-chartered,Standard Chartered,A,job_sources_financial_services.csv,standard-chartered-global,active_existing_source,7,https://jobs.standardchartered.com/,Cadence/enabled synced from A; calibrated adapter and seed URL preserved.
2026-08-26T13:45:43.083490+00:00,storebrand,Storebrand,A,job_sources_financial_services.csv,storebrand-global,active_existing_source,7,https://storebrand.wd3.myworkdayjobs.com/Storebrand_Careers,Cadence/enabled synced from A; calibrated adapter and seed URL preserved.
2026-08-26T13:45:43.083490+00:00,summa-equity,Summa Equity,A,job_sources_pe.csv,summa-equity-global,active_existing_source,7,https://summaequity.com/career/,Cadence/enabled synced from A; calibrated adapter and seed URL preserved.
2026-08-26T13:45:43.083490+00:00,swedbank,Swedbank,A,job_sources_financial_services.csv,swedbank-global,active_existing_source,7,https://jobs.swedbank.com/,Cadence/enabled synced from A; calibrated adapter and seed URL preserved.
2026-08-26T13:45:43.083490+00:00,swiss-life,Swiss Life Group,A,job_sources_financial_services.csv,swiss-life-global,active_existing_source,7,https://swisslife.wd3.myworkdayjobs.com/Swiss_Life_International_Division_Career_Site,Cadence/enabled synced from A; calibrated adapter and seed URL preserved.
2026-08-26T13:45:43.083490+00:00,tpg,TPG,A,job_sources_pe.csv,tpg-global,active_existing_source,7,https://job-boards.greenhouse.io/tpgcareers,Cadence/enabled synced from A; calibrated adapter and seed URL preserved.
2026-08-26T13:45:43.083490+00:00,triton,Triton Partners,A,job_sources_pe.csv,triton-global,active_existing_source,7,https://tritonpartners.wd3.myworkdayjobs.com/en-GB/External,Cadence/enabled synced from A; calibrated adapter and seed URL preserved.
2026-08-26T13:45:43.083490+00:00,two-sigma,Two Sigma,A,job_sources_specialist_funds.csv,two-sigma-global,active_existing_source,7,https://www.twosigma.com/careers/,Cadence/enabled synced from A; calibrated adapter and seed URL preserved.
2026-08-26T13:45:43.083490+00:00,ubs,UBS Group,A,job_sources_financial_services.csv,ubs-global,active_existing_source,7,https://www.ubs.com/global/en/careers/search-jobs.html,Cadence/enabled synced from A; calibrated adapter and seed URL preserved.
2026-08-26T13:45:43.083490+00:00,ufenau,Ufenau Capital Partners,A,job_sources_pe.csv,ufenau-global,active_existing_source,7,https://ufenau-capital-partners.jobs.personio.com/,Cadence/enabled synced from A; calibrated adapter and seed URL preserved.
2026-08-26T13:45:43.083490+00:00,unicredit,UniCredit,A,job_sources_financial_services.csv,unicredit-global,active_existing_source,7,https://careers.unicredit.eu/,Cadence/enabled synced from A; calibrated adapter and seed URL preserved.
2026-08-26T13:45:43.083490+00:00,unilever,Unilever,A,job_sources_corporate.csv,unilever-global,active_existing_source,7,https://unilever.wd3.myworkdayjobs.com/Unilever_Experienced_Professionals,Cadence/enabled synced from A; calibrated adapter and seed URL preserved.
2026-08-26T13:45:43.083490+00:00,uniper,Uniper,A,job_sources_corporate.csv,uniper-global,active_existing_source,7,https://career5.successfactors.eu/career?company=UniperProd,Cadence/enabled synced from A; calibrated adapter and seed URL preserved.
2026-08-26T13:45:43.083490+00:00,vanguard,Vanguard,A,job_sources_pe.csv,vanguard-global,active_existing_source,7,https://www.vanguardjobs.com/,Cadence/enabled synced from A; calibrated adapter and seed URL preserved.
2026-08-26T13:45:43.083490+00:00,vattenfall,Vattenfall,A,job_sources_corporate.csv,vattenfall-global,active_existing_source,7,https://careers.smartrecruiters.com/vattenfall,Cadence/enabled synced from A; calibrated adapter and seed URL preserved.
2026-08-26T13:45:43.083490+00:00,volkswagen,Volkswagen Group,A,job_sources_corporate.csv,volkswagen-global,active_existing_source,7,https://career5.successfactors.eu/careers?company=VWAGLPPROD10,Cadence/enabled synced from A; calibrated adapter and seed URL preserved.
2026-08-26T13:45:43.083490+00:00,volvo-group,Volvo Group,A,job_sources_corporate.csv,volvo-group-global,active_existing_source,7,https://jobs.volvogroup.com/,Cadence/enabled synced from A; calibrated adapter and seed URL preserved.
2026-08-26T13:45:43.083490+00:00,vontobel,Vontobel,A,job_sources_public_markets.csv,vontobel-global,active_existing_source,7,https://www.vontobel.com/de-ch/ueber-vontobel/karriere/offene-stellen/,Cadence/enabled synced from A; calibrated adapter and seed URL preserved.
2026-08-26T13:45:43.083490+00:00,waterland,Waterland Private Equity,A,job_sources_pe.csv,waterland-global,active_existing_source,7,https://www.waterlandpe.com/careers/,Cadence/enabled synced from A; calibrated adapter and seed URL preserved.
2026-08-26T13:45:43.083490+00:00,wartsila,Wärtsilä,A,job_sources_corporate.csv,wartsila-global,active_existing_source,7,https://career2.successfactors.eu/career?company=Wartsila,Cadence/enabled synced from A; calibrated adapter and seed URL preserved.
2026-08-26T13:45:43.083490+00:00,zkb,Zürcher Kantonalbank,A,job_sources_financial_services.csv,zkb-global,active_existing_source,7,https://www.zkb.ch/en/home/career.html,Cadence/enabled synced from A; calibrated adapter and seed URL preserved.
2026-08-26T13:45:43.083490+00:00,bp,bp,A,job_sources_corporate.csv,bp-global,active_existing_source,7,https://bpinternational.wd3.myworkdayjobs.com/bpCareers,Cadence/enabled synced from A; calibrated adapter and seed URL preserved.
2026-08-26T13:45:43.083490+00:00,zeb-consulting,zeb consulting,A,job_sources_consulting.csv,zeb-global,active_existing_source,7,https://career.zeb-consulting.com/jobs/,Cadence/enabled synced from A; calibrated adapter and seed URL preserved.
2026-08-26T13:45:43.083490+00:00,orsted,Ørsted,A,job_sources_corporate.csv,orsted-global,active_existing_source,7,https://orsted.com/en/careers/vacancies-list,Cadence/enabled synced from A; calibrated adapter and seed URL preserved.
2026-08-26T13:45:43.083490+00:00,accenture,Accenture,B,job_sources_consulting.csv,accenture-global,active_existing_source,14,https://www.accenture.com/us-en/careers/jobsearch,Cadence/enabled synced from A; calibrated adapter and seed URL preserved.
2026-08-26T13:45:43.083490+00:00,antin,Antin Infrastructure Partners,B,job_sources_pe.csv,antin-global,active_existing_source,14,https://www.antin-ip.com/careers,Cadence/enabled synced from A; calibrated adapter and seed URL preserved.
2026-08-26T13:45:43.083490+00:00,apollo,Apollo Global Management,B,job_sources_pe.csv,apollo-global,active_existing_source,14,https://www.apollo.com/careers,Cadence/enabled synced from A; calibrated adapter and seed URL preserved.
2026-08-26T13:45:43.083490+00:00,arthur-d-little,Arthur D. Little,B,job_sources_consulting.csv,arthur-d-little-global,active_existing_source,14,https://careers.adlittle.com/,Cadence/enabled synced from A; calibrated adapter and seed URL preserved.
2026-08-26T13:45:43.083490+00:00,astrazeneca,AstraZeneca,B,job_sources_corporate.csv,astrazeneca-global,active_existing_source,14,https://astrazeneca.wd3.myworkdayjobs.com/Careers,Cadence/enabled synced from A; calibrated adapter and seed URL preserved.
2026-08-26T13:45:43.083490+00:00,aviva,Aviva,B,job_sources_financial_services.csv,aviva-global,active_existing_source,14,https://aviva.wd1.myworkdayjobs.com/External,Cadence/enabled synced from A; calibrated adapter and seed URL preserved.
2026-08-26T13:45:43.083490+00:00,basf,BASF,B,job_sources_corporate.csv,basf-global,active_existing_source,14,https://career5.successfactors.eu/career?company=C0000159936P,Cadence/enabled synced from A; calibrated adapter and seed URL preserved.
2026-08-26T13:45:43.083490+00:00,baillie-gifford,Baillie Gifford,B,job_sources_pe.csv,baillie-gifford-global,active_existing_source,14,https://www.bailliegifford.com/en/uk/individual-investors/careers/,Cadence/enabled synced from A; calibrated adapter and seed URL preserved.
2026-08-26T13:45:43.083490+00:00,baringa,Baringa,B,job_sources_consulting.csv,baringa-global,active_existing_source,14,https://www.baringa.com/en/careers/,Cadence/enabled synced from A; calibrated adapter and seed URL preserved.
2026-08-26T13:45:43.083490+00:00,bayer,Bayer,B,job_sources_corporate.csv,bayer-global,active_existing_source,14,https://career.bayer.com/,Cadence/enabled synced from A; calibrated adapter and seed URL preserved.
2026-08-26T13:45:43.083490+00:00,bayernlb,BayernLB,B,job_sources_financial_services.csv,bayernlb-global,active_existing_source,14,https://www.bayernlb.com/internet/en/blb/resp/career/career.jsp,Cadence/enabled synced from A; calibrated adapter and seed URL preserved.
2026-08-26T13:45:43.083490+00:00,bearingpoint,BearingPoint,B,job_sources_consulting.csv,bearingpoint-global,active_existing_source,14,https://www.bearingpoint.com/en/careers/,Cadence/enabled synced from A; calibrated adapter and seed URL preserved.
2026-08-26T13:45:43.083490+00:00,blackstone,Blackstone,B,job_sources_pe.csv,blackstone-global,active_existing_source,14,https://www.blackstone.com/careers/,Cadence/enabled synced from A; calibrated adapter and seed URL preserved.
2026-08-26T13:45:43.083490+00:00,bcg,Boston Consulting Group,B,job_sources_consulting.csv,bcg-global,active_existing_source,14,https://careers.bcg.com/global/en/search-results,Cadence/enabled synced from A; calibrated adapter and seed URL preserved.
2026-08-26T13:45:43.083490+00:00,brevan-howard,Brevan Howard,B,job_sources_specialist_funds.csv,brevan-howard-global,active_existing_source,14,https://www.brevanhoward.com/careers/,Cadence/enabled synced from A; calibrated adapter and seed URL preserved.
2026-08-26T13:45:43.083490+00:00,bridgepoint,Bridgepoint Group,B,job_sources_pe.csv,bridgepoint-global,active_existing_source,14,https://www.bridgepoint.eu/careers,Cadence/enabled synced from A; calibrated adapter and seed URL preserved.
2026-08-26T13:45:43.083490+00:00,brookfield,Brookfield Asset Management,B,job_sources_pe.csv,brookfield-global,active_existing_source,14,https://www.brookfield.com/careers,Cadence/enabled synced from A; calibrated adapter and seed URL preserved.
2026-08-26T13:45:43.083490+00:00,cgi,CGI,B,job_sources_consulting.csv,cgi-global,active_existing_source,14,https://www.cgi.com/en/careers,Cadence/enabled synced from A; calibrated adapter and seed URL preserved.
2026-08-26T13:45:43.083490+00:00,cvc,CVC,B,job_sources_pe.csv,cvc-global,active_existing_source,14,https://www.cvc.com/careers/,Cadence/enabled synced from A; calibrated adapter and seed URL preserved.
2026-08-26T13:45:43.083490+00:00,capgemini,Capgemini,B,job_sources_corporate.csv,capgemini-global,active_existing_source,14,https://www.capgemini.com/careers/,Cadence/enabled synced from A; calibrated adapter and seed URL preserved.
2026-08-26T13:45:43.083490+00:00,capgemini-invent,Capgemini Invent,B,job_sources_consulting.csv,capgemini-invent-global,active_existing_source,14,https://www.capgemini.com/careers/,Cadence/enabled synced from A; calibrated adapter and seed URL preserved.
2026-08-26T13:45:43.083490+00:00,capital-group,Capital Group,B,job_sources_public_markets.csv,capital-group-global,active_existing_source,14,https://capgroup.wd1.myworkdayjobs.com/capitalgroupcareers,Cadence/enabled synced from A; calibrated adapter and seed URL preserved.
2026-08-26T13:45:43.083490+00:00,carlyle,Carlyle,B,job_sources_pe.csv,carlyle-global,active_existing_source,14,https://www.carlyle.com/careers,Cadence/enabled synced from A; calibrated adapter and seed URL preserved.
2026-08-26T13:45:43.083490+00:00,carmignac,Carmignac,B,job_sources_public_markets.csv,carmignac-global,active_existing_source,14,https://www.carmignac.com/en/about-us/careers,Cadence/enabled synced from A; calibrated adapter and seed URL preserved.
2026-08-26T13:45:43.083490+00:00,charles-river-associates,Charles River Associates,B,job_sources_consulting.csv,charles-river-associates-global,active_existing_source,14,https://www.crai.com/careers/,Cadence/enabled synced from A; calibrated adapter and seed URL preserved.
2026-08-26T13:45:43.083490+00:00,citadel,Citadel,B,job_sources_specialist_funds.csv,citadel-global,active_existing_source,14,https://www.citadel.com/careers/,Cadence/enabled synced from A; calibrated adapter and seed URL preserved.
2026-08-26T13:45:43.083490+00:00,columbia-threadneedle,Columbia Threadneedle Investments,B,job_sources_public_markets.csv,columbia-threadneedle-global,active_existing_source,14,https://ameriprise.wd5.myworkdayjobs.com/Ameriprise,Cadence/enabled synced from A; calibrated adapter and seed URL preserved.
2026-08-26T13:45:43.083490+00:00,compass-lexecon,Compass Lexecon,B,job_sources_consulting.csv,compass-lexecon-global,active_existing_source,14,https://www.compasslexecon.com/careers/,Cadence/enabled synced from A; calibrated adapter and seed URL preserved.
2026-08-26T13:45:43.083490+00:00,csg,Czechoslovak Group,B,job_sources_holdings.csv,csg-global,active_existing_source,14,https://czechoslovakgroup.com/en/career,Cadence/enabled synced from A; calibrated adapter and seed URL preserved.
2026-08-26T13:45:43.083490+00:00,deutsche-boerse,Deutsche Börse Group,B,job_sources_public_markets.csv,deutsche-boerse-global,active_existing_source,14,https://careers.deutsche-boerse.com/,Cadence/enabled synced from A; calibrated adapter and seed URL preserved.
2026-08-26T13:45:43.083490+00:00,eex,EEX Group,B,job_sources_financial_services.csv,eex-global,active_existing_source,14,https://www.eex-group.com/en/career,Cadence/enabled synced from A; calibrated adapter and seed URL preserved.
2026-08-26T13:45:43.083490+00:00,eqt,EQT,B,job_sources_pe.csv,eqt-global,active_existing_source,14,https://eqtgroup.com/careers,Cadence/enabled synced from A; calibrated adapter and seed URL preserved.
2026-08-26T13:45:43.083490+00:00,enterprise-investors,Enterprise Investors,B,job_sources_pe.csv,enterprise-investors-global,active_existing_source,14,https://www.ei.com.pl/en/career/,Cadence/enabled synced from A; calibrated adapter and seed URL preserved.
2026-08-26T13:45:43.083490+00:00,eurazeo,Eurazeo,B,job_sources_pe.csv,eurazeo-global,active_existing_source,14,https://www.eurazeo.com/en/group/careers,Cadence/enabled synced from A; calibrated adapter and seed URL preserved.
2026-08-26T13:45:43.083490+00:00,federated-hermes,Federated Hermes,B,job_sources_public_markets.csv,federated-hermes-global,active_existing_source,14,https://www.federatedhermes.com/us/careers/,Cadence/enabled synced from A; calibrated adapter and seed URL preserved.
2026-08-26T13:45:43.083490+00:00,flossbach-von-storch,Flossbach von Storch,B,job_sources_public_markets.csv,flossbach-von-storch-global,active_existing_source,14,https://flossbach-von-storch-ag.jobs.personio.de,Cadence/enabled synced from A; calibrated adapter and seed URL preserved.
2026-08-26T13:45:43.083490+00:00,fortum,Fortum,B,job_sources_corporate.csv,fortum-global,active_existing_source,14,https://jobs.fortum.com/,Cadence/enabled synced from A; calibrated adapter and seed URL preserved.
2026-08-26T13:45:43.083490+00:00,franklin-templeton,Franklin Templeton,B,job_sources_public_markets.csv,franklin-templeton-global,active_existing_source,14,https://franklintempleton.wd5.myworkdayjobs.com/Primary-External-1,Cadence/enabled synced from A; calibrated adapter and seed URL preserved.
2026-08-26T13:45:43.083490+00:00,gsk,GSK,B,job_sources_corporate.csv,gsk-global,active_existing_source,14,https://gsk.wd5.myworkdayjobs.com/GSKCareers,Cadence/enabled synced from A; calibrated adapter and seed URL preserved.
2026-08-26T13:45:43.083490+00:00,helaba,Helaba,B,job_sources_financial_services.csv,helaba-global,active_existing_source,14,https://www.helaba.com/int/career/,Cadence/enabled synced from A; calibrated adapter and seed URL preserved.
2026-08-26T13:45:43.083490+00:00,hg,Hg,B,job_sources_pe.csv,hg-global,active_existing_source,14,https://hgcapital.com/careers,Cadence/enabled synced from A; calibrated adapter and seed URL preserved.
2026-08-26T13:45:43.083490+00:00,houlihan-lokey,Houlihan Lokey,B,job_sources_investment_banking.csv,houlihan-lokey-global,active_existing_source,14,https://hl.com/careers/,Cadence/enabled synced from A; calibrated adapter and seed URL preserved.
2026-08-26T13:45:43.083490+00:00,ibm,IBM,B,job_sources_corporate.csv,ibm-global,active_existing_source,14,https://careers.ibm.com/en_US/careers,Cadence/enabled synced from A; calibrated adapter and seed URL preserved.
2026-08-26T13:45:43.083490+00:00,infineon,Infineon,B,job_sources_corporate.csv,infineon-global,active_existing_source,14,https://www.infineon.com/cms/en/careers/,Cadence/enabled synced from A; calibrated adapter and seed URL preserved.
2026-08-26T13:45:43.083490+00:00,infosys,Infosys,B,job_sources_corporate.csv,infosys-global,active_existing_source,14,https://career.infosys.com/joblist,Cadence/enabled synced from A; calibrated adapter and seed URL preserved.
2026-08-26T13:45:43.083490+00:00,infosys-consulting,Infosys Consulting,B,job_sources_consulting.csv,infosys-consulting-global,active_existing_source,14,https://career.infosys.com/,Cadence/enabled synced from A; calibrated adapter and seed URL preserved.
2026-08-26T13:45:43.083490+00:00,innova-capital,Innova Capital,B,job_sources_pe.csv,innova-capital-global,active_existing_source,14,https://innovacap.com/career/,Cadence/enabled synced from A; calibrated adapter and seed URL preserved.
2026-08-26T13:45:43.083490+00:00,jt-finance-group,J&T Finance Group,B,job_sources_financial_services.csv,jt-finance-group-global,active_existing_source,14,https://www.jtfg.com/,Cadence/enabled synced from A; calibrated adapter and seed URL preserved.
2026-08-26T13:45:43.083490+00:00,julius-baer,Julius Baer,B,job_sources_financial_services.csv,julius-baer-global,active_existing_source,14,https://juliusbaer.wd3.myworkdayjobs.com/External,Cadence/enabled synced from A; calibrated adapter and seed URL preserved.
2026-08-26T13:45:43.083490+00:00,jupiter-fund-management,Jupiter Fund Management,B,job_sources_public_markets.csv,jupiter-fund-management-global,active_existing_source,14,https://jupiteram.wd3.myworkdayjobs.com/jupiter_careers,Cadence/enabled synced from A; calibrated adapter and seed URL preserved.
2026-08-26T13:45:43.083490+00:00,kkcg,KKCG,B,job_sources_holdings.csv,kkcg-global,active_existing_source,14,https://kkcg.com/en/careers,Cadence/enabled synced from A; calibrated adapter and seed URL preserved.
2026-08-26T13:45:43.083490+00:00,kkr,KKR,B,job_sources_pe.csv,kkr-global,active_existing_source,14,https://www.kkr.com/careers,Cadence/enabled synced from A; calibrated adapter and seed URL preserved.
2026-08-26T13:45:43.083490+00:00,kearney,Kearney,B,job_sources_consulting.csv,kearney-global,active_existing_source,14,https://www.kearney.com/careers,Cadence/enabled synced from A; calibrated adapter and seed URL preserved.
2026-08-26T13:45:43.083490+00:00,kfw,KfW Group,B,job_sources_financial_services.csv,kfw-global,active_existing_source,14,https://www.kfw.de/About-KfW/Career/,Cadence/enabled synced from A; calibrated adapter and seed URL preserved.
2026-08-26T13:45:43.083490+00:00,kinnevik,Kinnevik,B,job_sources_holdings.csv,kinnevik-global,active_existing_source,14,https://www.kinnevik.com/careers,Cadence/enabled synced from A; calibrated adapter and seed URL preserved.
2026-08-26T13:45:43.083490+00:00,legal-general,Legal & General,B,job_sources_financial_services.csv,legal-general-global,active_existing_source,14,https://careers.legalandgeneral.com/,Cadence/enabled synced from A; calibrated adapter and seed URL preserved.
2026-08-26T13:45:43.083490+00:00,lombard-odier,Lombard Odier,B,job_sources_financial_services.csv,lombard-odier-global,active_existing_source,14,https://lombardodier.wd3.myworkdayjobs.com/Lombard_Odier_Careers,Cadence/enabled synced from A; calibrated adapter and seed URL preserved.
2026-08-26T13:45:43.083490+00:00,lseg,London Stock Exchange Group,B,job_sources_financial_services.csv,lseg-global,active_existing_source,14,https://lseg.wd3.myworkdayjobs.com/Careers,Cadence/enabled synced from A; calibrated adapter and seed URL preserved.
2026-08-26T13:45:43.083490+00:00,mol,MOL Group,B,job_sources_corporate.csv,mol-global,active_existing_source,14,https://molgroup.taleo.net/careersection/external/jobsearch.ftl,Cadence/enabled synced from A; calibrated adapter and seed URL preserved.
2026-08-26T13:45:43.083490+00:00,macquarie,Macquarie Group,B,job_sources_pe.csv,macquarie-global,active_existing_source,14,https://www.macquarie.com/careers.html,Cadence/enabled synced from A; calibrated adapter and seed URL preserved.
2026-08-26T13:45:43.083490+00:00,marsh-mclennan,Marsh McLennan,B,job_sources_financial_services.csv,marsh-mclennan-global,active_existing_source,14,https://careers.marsh.com/global/en/marsh-search,Cadence/enabled synced from A; calibrated adapter and seed URL preserved.
2026-08-26T13:45:43.083490+00:00,marshall-wace,Marshall Wace,B,job_sources_specialist_funds.csv,marshall-wace-global,active_existing_source,14,https://www.mwam.com/careers/,Cadence/enabled synced from A; calibrated adapter and seed URL preserved.
2026-08-26T13:45:43.083490+00:00,mckinsey,McKinsey & Company,B,job_sources_consulting.csv,mckinsey-global,active_existing_source,14,https://www.mckinsey.com/careers/search-jobs,Cadence/enabled synced from A; calibrated adapter and seed URL preserved.
2026-08-26T13:45:43.083490+00:00,mid-europa,MidEuropa,B,job_sources_pe.csv,mid-europa-global,active_existing_source,14,https://mideuropa.com/careers/,Cadence/enabled synced from A; calibrated adapter and seed URL preserved.
2026-08-26T13:45:43.083490+00:00,millennium-management,Millennium Management,B,job_sources_specialist_funds.csv,millennium-management-global,active_existing_source,14,https://www.mlp.com/careers/,Cadence/enabled synced from A; calibrated adapter and seed URL preserved.
2026-08-26T13:45:43.083490+00:00,moelis,Moelis & Company,B,job_sources_investment_banking.csv,moelis-global,active_existing_source,14,https://www.moelis.com/careers/,Cadence/enabled synced from A; calibrated adapter and seed URL preserved.
2026-08-26T13:45:43.083490+00:00,nera,NERA Economic Consulting,B,job_sources_consulting.csv,nera-global,active_existing_source,14,https://careers.marshmclennan.com/global/en/nera,Cadence/enabled synced from A; calibrated adapter and seed URL preserved.
2026-08-26T13:45:43.083490+00:00,national-grid,National Grid,B,job_sources_corporate.csv,national-grid-global,active_existing_source,14,https://jobs.nationalgrid.com/uk/jobs,Cadence/enabled synced from A; calibrated adapter and seed URL preserved.
2026-08-26T13:45:43.083490+00:00,neste,Neste,B,job_sources_corporate.csv,neste-global,active_existing_source,14,https://jobs.neste.com/,Cadence/enabled synced from A; calibrated adapter and seed URL preserved.
2026-08-26T13:45:43.083490+00:00,neuberger-berman,Neuberger Berman,B,job_sources_public_markets.csv,neuberger-berman-global,active_existing_source,14,https://nb.wd1.myworkdayjobs.com/NBCareers,Cadence/enabled synced from A; calibrated adapter and seed URL preserved.
2026-08-26T13:45:43.083490+00:00,newton-europe,Newton Europe,B,job_sources_consulting.csv,newton-europe-global,active_existing_source,14,https://www.newtoneurope.com/careers/,Cadence/enabled synced from A; calibrated adapter and seed URL preserved.
2026-08-26T13:45:43.083490+00:00,ninety-one,Ninety One,B,job_sources_public_markets.csv,ninety-one-global,active_existing_source,14,https://externalcareers.ninetyone.com/experienced-hires/,Cadence/enabled synced from A; calibrated adapter and seed URL preserved.
2026-08-26T13:45:43.083490+00:00,nomura,Nomura,B,job_sources_investment_banking.csv,nomura-global,active_existing_source,14,https://www.nomura.com/careers/,Cadence/enabled synced from A; calibrated adapter and seed URL preserved.
2026-08-26T13:45:43.083490+00:00,novartis,Novartis,B,job_sources_corporate.csv,novartis-global,active_existing_source,14,https://novartis.wd3.myworkdayjobs.com/Novartis_Careers,Cadence/enabled synced from A; calibrated adapter and seed URL preserved.
2026-08-26T13:45:43.083490+00:00,novo-nordisk,Novo Nordisk,B,job_sources_corporate.csv,novo-nordisk-global,active_existing_source,14,https://career2.successfactors.eu/careers?company=novonordisk,Cadence/enabled synced from A; calibrated adapter and seed URL preserved.
2026-08-26T13:45:43.083490+00:00,oekb,OeKB Group,B,job_sources_financial_services.csv,oekb-global,active_existing_source,14,https://www.oekb.at/jobs-und-karriere.html,Cadence/enabled synced from A; calibrated adapter and seed URL preserved.
2026-08-26T13:45:43.083490+00:00,pimco,PIMCO,B,job_sources_public_markets.csv,pimco-global,active_existing_source,14,https://pimco.wd1.myworkdayjobs.com/pimco-careers,Cadence/enabled synced from A; calibrated adapter and seed URL preserved.
2026-08-26T13:45:43.083490+00:00,pjt-partners,PJT Partners,B,job_sources_investment_banking.csv,pjt-partners-global,active_existing_source,14,https://pjtpartners.com/careers,Cadence/enabled synced from A; calibrated adapter and seed URL preserved.
2026-08-26T13:45:43.083490+00:00,ppf-group,PPF Group,B,job_sources_holdings.csv,ppf-group-global,active_existing_source,14,https://www.ppf.eu/en/careers,Cadence/enabled synced from A; calibrated adapter and seed URL preserved.
2026-08-26T13:45:43.083490+00:00,perella-weinberg,Perella Weinberg Partners,B,job_sources_investment_banking.csv,perella-weinberg-global,active_existing_source,14,https://pwpartners.com/careers/,Cadence/enabled synced from A; calibrated adapter and seed URL preserved.
2026-08-26T13:45:43.083490+00:00,permira,Permira,B,job_sources_pe.csv,permira-global,active_existing_source,14,https://www.permira.com/careers/,Cadence/enabled synced from A; calibrated adapter and seed URL preserved.
2026-08-26T13:45:43.083490+00:00,pictet,Pictet Group,B,job_sources_financial_services.csv,pictet-global,active_existing_source,14,https://career5.successfactors.eu/career?company=banquepict,Cadence/enabled synced from A; calibrated adapter and seed URL preserved.
2026-08-26T13:45:43.083490+00:00,point72,Point72,B,job_sources_specialist_funds.csv,point72-global,active_existing_source,14,https://careers.point72.com/,Cadence/enabled synced from A; calibrated adapter and seed URL preserved.
2026-08-26T13:45:43.083490+00:00,porsche-consulting,Porsche Consulting,B,job_sources_consulting.csv,porsche-consulting-global,active_existing_source,14,https://www.porsche-consulting.com/careers/,Cadence/enabled synced from A; calibrated adapter and seed URL preserved.
2026-08-26T13:45:43.083490+00:00,qube-rt,Qube Research & Technologies,B,job_sources_specialist_funds.csv,qube-rt-global,active_existing_source,14,https://www.qube-rt.com/careers/,Cadence/enabled synced from A; calibrated adapter and seed URL preserved.
2026-08-26T13:45:43.083490+00:00,rbi,Raiffeisen Bank International,B,job_sources_financial_services.csv,rbi-global,active_existing_source,14,https://jobs.rbinternational.com/,Cadence/enabled synced from A; calibrated adapter and seed URL preserved.
2026-08-26T13:45:43.083490+00:00,roche,Roche,B,job_sources_corporate.csv,roche-global,active_existing_source,14,https://roche.wd3.myworkdayjobs.com/roche-ext,Cadence/enabled synced from A; calibrated adapter and seed URL preserved.
2026-08-26T13:45:43.083490+00:00,six-group,SIX Group,B,job_sources_public_markets.csv,six-group-global,active_existing_source,14,https://www.six-group.com/en/careers.html,Cadence/enabled synced from A; calibrated adapter and seed URL preserved.
2026-08-26T13:45:43.083490+00:00,sandoz,Sandoz,B,job_sources_corporate.csv,sandoz-global,active_existing_source,14,https://sandoz.wd103.myworkdayjobs.com/Sandoz_Careers,Cadence/enabled synced from A; calibrated adapter and seed URL preserved.
2026-08-26T13:45:43.083490+00:00,statkraft,Statkraft,B,job_sources_corporate.csv,statkraft-global,active_existing_source,14,https://careers.smartrecruiters.com/statkraft1,Cadence/enabled synced from A; calibrated adapter and seed URL preserved.
2026-08-26T13:45:43.083490+00:00,swiss-re,Swiss Re,B,job_sources_financial_services.csv,swiss-re-global,active_existing_source,14,https://www.swissre.com/careers/jobSearch.html,Cadence/enabled synced from A; calibrated adapter and seed URL preserved.
2026-08-26T13:45:43.083490+00:00,synpulse,Synpulse,B,job_sources_consulting.csv,synpulse-global,active_existing_source,14,https://www.synpulse.com/en/careers,Cadence/enabled synced from A; calibrated adapter and seed URL preserved.
2026-08-26T13:45:43.083490+00:00,t-rowe-price,T. Rowe Price,B,job_sources_public_markets.csv,t-rowe-price-global,active_existing_source,14,https://troweprice.wd5.myworkdayjobs.com/TRowePrice,Cadence/enabled synced from A; calibrated adapter and seed URL preserved.
2026-08-26T13:45:43.083490+00:00,trafigura,Trafigura,B,job_sources_corporate.csv,trafigura-global,active_existing_source,14,https://trafigura.wd3.myworkdayjobs.com/TrafiguraCareerSite,Cadence/enabled synced from A; calibrated adapter and seed URL preserved.
2026-08-26T13:45:43.083490+00:00,uniqa,UNIQA Insurance Group,B,job_sources_financial_services.csv,uniqa-global,active_existing_source,14,https://careers.uniqagroup.com/,Cadence/enabled synced from A; calibrated adapter and seed URL preserved.
2026-08-26T13:45:43.083490+00:00,union-investment,Union Investment,B,job_sources_public_markets.csv,union-investment-global,active_existing_source,14,https://unternehmen.union-investment.de/startseite-unternehmen/karriere,Cadence/enabled synced from A; calibrated adapter and seed URL preserved.
2026-08-26T13:45:43.083490+00:00,vienna-insurance-group,Vienna Insurance Group,B,job_sources_financial_services.csv,vienna-insurance-group-global,active_existing_source,14,https://group.vig/career/,Cadence/enabled synced from A; calibrated adapter and seed URL preserved.
2026-08-26T13:45:43.083490+00:00,vitol,Vitol,B,job_sources_corporate.csv,vitol-global,active_existing_source,14,https://careers.smartrecruiters.com/Vitol,Cadence/enabled synced from A; calibrated adapter and seed URL preserved.
2026-08-26T13:45:43.083490+00:00,wellington-management,Wellington Management,B,job_sources_public_markets.csv,wellington-management-global,active_existing_source,14,https://wellington.wd5.myworkdayjobs.com/External,Cadence/enabled synced from A; calibrated adapter and seed URL preserved.
2026-08-26T13:45:43.083490+00:00,winton,Winton,B,job_sources_specialist_funds.csv,winton-global,active_existing_source,14,https://www.winton.com/careers,Cadence/enabled synced from A; calibrated adapter and seed URL preserved.
2026-08-26T13:45:43.083490+00:00,wipro,Wipro,B,job_sources_corporate.csv,wipro-global,active_existing_source,14,https://careers.wipro.com/,Cadence/enabled synced from A; calibrated adapter and seed URL preserved.
2026-08-26T13:45:43.083490+00:00,zurich-insurance,Zurich Insurance Group,B,job_sources_financial_services.csv,zurich-insurance-global,active_existing_source,14,https://www.careers.zurich.com/,Cadence/enabled synced from A; calibrated adapter and seed URL preserved.
2026-08-26T13:45:43.083490+00:00,zuehlke,Zühlke,B,job_sources_consulting.csv,zuehlke-global,active_existing_source,14,https://www.zuehlke.com/en/careers,Cadence/enabled synced from A; calibrated adapter and seed URL preserved.
2026-08-26T13:45:43.083490+00:00,abrdn,abrdn,B,job_sources_pe.csv,abrdn-global,active_existing_source,14,https://www.abrdn.com/en/corporate/careers,Cadence/enabled synced from A; calibrated adapter and seed URL preserved.
2026-08-26T13:45:43.083490+00:00,d-fine,d-fine,B,job_sources_consulting.csv,d-fine-global,active_existing_source,14,https://www.d-fine.com/en/career/,Cadence/enabled synced from A; calibrated adapter and seed URL preserved.
2026-08-26T13:45:43.083490+00:00,cez-group,ČEZ Group,B,job_sources_corporate.csv,cez-group-global,active_existing_source,14,https://www.kdejinde.cz/,Cadence/enabled synced from A; calibrated adapter and seed URL preserved.
2026-08-26T13:45:43.083490+00:00,cpi-property-group,CPI Property Group,C,job_sources_holdings.csv,cpi-property-group-global,active_existing_source,30,https://www.cpipg.com/careers,Cadence/enabled synced from A; calibrated adapter and seed URL preserved.
2026-08-26T13:45:43.083490+00:00,cognizant,Cognizant,C,job_sources_consulting.csv,cognizant-global,active_existing_source,30,https://careers.cognizant.com/global-en/,Cadence/enabled synced from A; calibrated adapter and seed URL preserved.
2026-08-26T13:45:43.083490+00:00,conseq,Conseq Investment Management,C,job_sources_specialist_funds.csv,conseq-global,active_existing_source,30,https://www.conseq.cz/kariera,Cadence/enabled synced from A; calibrated adapter and seed URL preserved.
2026-08-26T13:45:43.083490+00:00,pa-consulting,PA Consulting,C,job_sources_consulting.csv,pa-consulting-global,active_existing_source,30,https://www.paconsulting.com/careers,Cadence/enabled synced from A; calibrated adapter and seed URL preserved.
2026-08-26T13:45:43.083490+00:00,pale-fire-capital,Pale Fire Capital,C,job_sources_specialist_funds.csv,pale-fire-capital-global,active_existing_source,30,https://palefirecapital.com/,Cadence/enabled synced from A; calibrated adapter and seed URL preserved.
2026-08-26T13:45:43.083490+00:00,rsj,RSJ,C,job_sources_specialist_funds.csv,rsj-global,active_existing_source,30,https://www.rsj.com/cz/investments/kariera.html,Cadence/enabled synced from A; calibrated adapter and seed URL preserved.
2026-08-26T13:45:43.083490+00:00,sia-partners,Sia Partners,C,job_sources_consulting.csv,sia-partners-global,active_existing_source,30,https://www.sia-partners.com/en/careers,Cadence/enabled synced from A; calibrated adapter and seed URL preserved.
2026-08-26T13:45:43.083490+00:00,simon-kucher,Simon-Kucher,C,job_sources_consulting.csv,simon-kucher-global,active_existing_source,30,https://www.simon-kucher.com/en/careers,Cadence/enabled synced from A; calibrated adapter and seed URL preserved.
2026-08-26T13:45:43.083490+00:00,tcs-consulting,Tata Consultancy Services,C,job_sources_consulting.csv,tcs-consulting-global,active_existing_source,30,https://www.tcs.com/careers,Cadence/enabled synced from A; calibrated adapter and seed URL preserved.
2026-08-26T13:45:43.083490+00:00,valcon,Valcon,C,job_sources_consulting.csv,valcon-global,active_existing_source,30,https://valcon.com/careers/,Cadence/enabled synced from A; calibrated adapter and seed URL preserved.
2026-08-26T13:45:43.083490+00:00,verdane,Verdane,C,job_sources_pe.csv,verdane-global,active_existing_source,30,https://verdane.com/careers/,Cadence/enabled synced from A; calibrated adapter and seed URL preserved.
2026-08-26T13:45:43.083490+00:00,wood-company,WOOD & Company,C,job_sources_investment_banking.csv,wood-company-global,active_existing_source,30,https://wood.cz/kariera/,Cadence/enabled synced from A; calibrated adapter and seed URL preserved.
2026-08-26T13:45:43.083490+00:00,agrofert,Agrofert,Exclude,,,disabled_exclude,,https://www.agrofert.cz/en/career,No managed G source exists; no new source created.
2026-08-26T13:45:43.083490+00:00,amundi,Amundi,Exclude,,,disabled_exclude,,https://about.amundi.com/Careers,No managed G source exists; no new source created.
2026-08-26T13:45:43.083490+00:00,eph-group,EPH,Exclude,,,disabled_exclude,,https://www.epholding.cz/,No managed G source exists; no new source created.
2026-08-26T13:45:43.083490+00:00,genesis-capital,Genesis Capital,Exclude,,,disabled_exclude,,https://www.genesis.cz/en/career,No managed G source exists; no new source created.
2026-08-26T13:45:43.083490+00:00,penta-investments,Penta Investments,Exclude,,,disabled_exclude,,https://www.pentainvestments.com/en/career/,No managed G source exists; no new source created.
2026-08-26T13:45:43.083490+00:00,totalenergies,TotalEnergies,Exclude,,,disabled_exclude,,https://careers.totalenergies.com/,No managed G source exists; no new source created.
2026-08-26T13:45:43.083490+00:00,deloitte,Deloitte,A,job_sources_pilot.csv,,separate_registry,7,https://www.deloitte.com/global/en/careers.html,Big Four uses its dedicated multi-market G registry; generic duplicates removed.
2026-08-26T13:45:43.083490+00:00,ey,EY,A,job_sources_pilot.csv,,separate_registry,7,https://careers.ey.com/,Big Four uses its dedicated multi-market G registry; generic duplicates removed.
2026-08-26T13:45:43.083490+00:00,kpmg,KPMG,A,job_sources_pilot.csv,,separate_registry,7,https://kpmg.com/xx/en/careers.html,Big Four uses its dedicated multi-market G registry; generic duplicates removed.
2026-08-26T13:45:43.083490+00:00,pwc,PwC,A,job_sources_pilot.csv,,separate_registry,7,https://www.pwc.com/gx/en/careers.html,Big Four uses its dedicated multi-market G registry; generic duplicates removed.
