job_id,candidate_id,source_id,canonical_company_id,company,title,description,description_en,role_family,market,country_bucket,location,date_posted,last_seen_at,job_url,semantic_fit,semantic_reasoning,actionability_warnings,opportunity_id,link_status,last_verified_at,verification_evidence
3eab515c0c95c050,7b4e972863858500,platsbanken-se,,M.R Partner AB,Treasury Specialist – konsultuppdrag i Göteborg,"Vi söker en senior Treasury Specialist till ett kvalificerat konsultuppdrag hos vår kund i Göteborg. Du får ett brett ansvar för finansiell riskhantering, likviditet, kassaflödesprognoser och försäkringsfrågor i en internationell verksamhet. Om uppdraget Rollen kombinerar strategiskt ansvar med operativt genomförande och innebär nära samarbete med CFO, koncernens treasuryfunktion, banker och interna ekonomifunktioner. Arbetsuppgifterna omfattar bland annat: • Hantera och minska valuta-, råvarupris- och ränterisker • Koordinera och genomföra säkringsaktiviteter enligt gällande policyer • Ansvara för likviditetsstyrning och kort- och långsiktiga kassaflödesprognoser • Följa marknadsutvecklingen och bedöma påverkan på bolagets finansiella riskprofil • Hantera relationer med banker och andra finansiella motparter • Ansvara för försäkringsprogram, förnyelser och skadeärenden • Bidra till förbättringar av treasuryprocesser och koncerngemensamma initiativ • Stödja Accounting, Controlling, FP&A och övriga delar av verksamheten Vi söker dig som har: • Akademisk examen inom ekonomi, finans eller motsvarande • Senior erfarenhet inom treasury, corporate finance, bank eller finansiell riskhantering • Dokumenterad erfarenhet av valuta-, råvarupris- och ränterisker • Stark kompetens inom likviditetsstyrning och kassaflödesprognoser • Praktisk erfarenhet av hedgingstrategier och finansiella instrument • Erfarenhet av bankrelationer och finansieringslösningar • Mycket goda kunskaper i Excel • Flytande engelska i tal och skrift Meriterande: Erfarenhet av treasury management-system, ERP-system och Bloomberg. Praktisk information • Uppdragsform: Konsultuppdrag • Omfattning: Heltid, cirka 40 timmar per vecka • Plats: Göteborg, arbete på plats • Start: 7 september 2026, eller enligt överenskommelse • Period: Cirka sex månader, med möjlighet till förlängning OBS! Den här typen av konsultuppdrag tillsätts ofta mycket snabbt och kan stängas redan efter några dagar. Är du intresserad rekommenderar vi därför att du skickar in din ansökan direkt. Kontakt Vid frågor om uppdraget, kontakta rekryteringsansvarig John Rembeck på john@mrpartner.se eller 0730-463 121.",,,Sweden,Sweden,"Göteborg, Västra Götalands län, Sverige",2026-08-18T15:56:36,2026-08-26T19:19:56.422897+00:00,https://arbetsformedlingen.se/platsbanken/annonser/31367543,Strong,"Hands-on corporate treasury role covering FX, commodity and rate exposures, hedging execution, liquidity forecasting, banking and financing; target treasury work is central.",link:not_revalidated,3eab515c0c95c050,live,2026-08-26T19:19:56.422897+00:00,source_seen_recently
02fb0f8909bc4aae,e0fd768216357448,jobwinner-ch,,MCP (Switzerland) Sàrl,Portfolio Manager,"About Millennium Millennium is a global, diversified alternative investment firm, founded in 1989. Defined by evolution, innovation and focus, Millennium’s mission is to deliver results for our investors. Our people are empowered with both independence and support: the autonomy to pursue ideas with conviction and the backing of a global network committed to collaboration, disciplined risk management and continuous learning. With opportunities to deepen expertise and accelerate development, talent at Millennium is equipped to adapt, evolve and build lasting impact over time. Discover how transformative growth accelerates impact. Meet the Team The Portfolio Manager will support a Senior Portfolio Manager in the systematic trading of interest rate derivatives, cross-currency products, and long-dated currency derivatives across developed and emerging markets, generating high-quality risk-adjusted returns through the effective deployment of allocated Firm capital. What You’ll Do Formulate and implement relative value investment strategies across global fixed income and macro markets. Manage a multi-currency, multi-product portfolio with a focus on generating strong risk-adjusted returns through disciplined risk-taking and scalable capital deployment. Identify and execute trading opportunities across linear and non-linear rates products, including swaps, options, cross-currency instruments, sovereign rates products, and related macro instruments. Conduct fundamental and quantitative analysis across macroeconomic, geopolitical, central bank, and market-technical factors to generate trade ideas and inform portfolio positioning. Develop and enhance analytical infrastructure, data frameworks, and tools, including PnL analytics, PCA modelling and back testing, to support investment decision-making, portfolio construction, and risk management. Build and maintain relationships with internal stakeholders and external counterparties to support effective portfolio implementation, market access, and trading outcomes. Monitor positions, exposures, liquidity, and risk limits on an ongoing basis, and optimize execution and trade efficiency on a cost-adjusted basis. Maintain compliance with all applicable regulatory, legal, and internal policy requirements. Qualifications/ Skills Required At a minimum a Bachelor’s degree in Economics, Finance, Mathematics, or a closely related quantitative discipline. Minimum of 10 years of experience trading global fixed income rates and macro markets (including G10 markets with a specific focus on Japan and Australia), with substantial expertise in interest rate derivatives, cross-currency products, and related relative value strategies - specifically Interest Rate Swaps (IRS), Cross-Currency Swaps (Xccy), and Bonds. Minimum of 2–3 years of portfolio management experience managing a macro / interest rate / FX relative value investment strategy within an institutional trading environment. Experience operating successfully in a high-performance trading environment and working collaboratively within a team of investment professionals. Demonstrated experience managing multi-currency, multi-product portfolios across both developed and emerging markets. Experience conducting independent research into market trends and activity across global cross-currency markets. Strong expertise in trading and portfolio management of linear and non-linear rates products, including interest rate swaps, options, cross-currency derivatives, and sovereign fixed income instruments. Strong analytical, mathematical, portfolio construction, and risk management skills, with the ability to evaluate complex exposures across multiple products and market regimes. Experience building, enhancing, or applying quantitative models, risk analytics, and trading tools to support portfolio optimization and investment decision-making is essential. Excellent English verbal and written communication skills, with the ability to engage effectively with internal stakeholders, sell-side counterparties, data providers, and senior management.",,,Switzerland,Switzerland,"Place de Hollande 2, 1204 Genève, Place de Hollande 2, 1204 Genève, CH",2026-07-28T17:47,2026-08-26T19:17:15.817444+00:00,https://www.jobwinner.ch/job/1595176400,Strong,"Direct portfolio-management role with systematic rates/cross-currency strategies, position management and investment decisions; portfolio construction and market risk are core.",link:not_revalidated,02fb0f8909bc4aae,live,2026-08-26T19:17:15.817444+00:00,source_seen_recently
9967310ba0e11bf7,c21f937de04e15c3,jobwinner-ch,,Würth Management AG,"Treasury Manager (w/m), 80-100%, Rorschach","DAS ERWARTET SIE Zukunft gestalten: Sie unterstützen bei der Fremdwährungsrisikosteuerung, Unternehmensfinanzierung, beim Cash Management und weiteren Finanzthemen, um die finanzielle Stabilität der Würth-Gruppe zu sichern. Innovative Lösungen umsetzen: Sie helfen dabei, die Treasury-Infrastruktur weiterzuentwickeln und setzen moderne Finanztools ein, um Prozesse zu optimieren und die Effizienz zu steigern. Teamarbeit und Verantwortung: Sie arbeiten eng mit den Führungskräften der internationalen Konzerngesellschaften zusammen, um Finanzprozesse zu verbessern und die Einhaltung der Finanzpolitik zu gewährleisten. DAS BRINGEN SIE MIT Abschluss Fachrichtung Finanzen (Hoch-/Fachhochschulstudium in Betriebswirtschaft oder Banking & Finance) Berufserfahrung in der Finanzbranche, vorzugsweise im Treasury Hohe Kundenorientierung, Freude an der Interaktion in einem internationalen Umfeld inkl. Reisetätigkeit Professionelles Auftreten sowie Kommunikationsstärke, effiziente Arbeitsweise Analytische Fähigkeiten, Erfahrung mit Power BI sowie ein gutes Datenverständnis sind von Vorteil Kenntnisse im Umgang mit Finanztools (SAP, 360T, Kyriba, Bloomberg etc.) Sehr gute Deutsch- und Englischkenntnisse, jede weitere Sprache von Vorteil Selbstständige, engagierte Persönlichkeit mit ausgeprägter Hands-on-Mentalität Interesse für Finanzmärkte DAS BIETEN WIR IHNEN Gestaltungsfreiheit: In einem internationalen Umfeld erhalten Sie Verantwortung und die Möglichkeit, das Treasury der Zukunft mitzugestalten. Entwicklungsmöglichkeiten: Sie können sich fachlich und persönlich weiterentwickeln und profitieren von tollen Benefits. Offene Unternehmenskultur: Ein familiäres Arbeitsumfeld mit flachen Hierarchien, in dem Teamarbeit und Wertschätzung grossgeschrieben werden – bei uns ist jeder Beitrag wichtig! Abwechslungsreiches Arbeitsumfeld: Der einzigartige Standort am Bodensee, die Möglichkeit für Homeoffice sowie regelmässige Einsätze bei Gesellschaften und an unserem Hauptsitz in 's-Hertogenbosch sorgen für Abwechslung und neue Perspektiven. ARBEITEN BEI DER WÜRTH FINANCE INTERNATIONAL B.V. Bei der Würth Finance International B.V. arbeiten Sie in einem internationalen Umfeld, das von Teamarbeit, Verantwortungsbewusstsein und einer offenen Kommunikationskultur geprägt ist. Hier können Sie die Zukunft des Treasury aktiv mitgestalten und Verantwortung übernehmen – sowohl bei der Sicherstellung der finanziellen Stabilität der Würth-Gruppe als auch bei der Weiterentwicklung zukunftsgerichteter Treasury-Lösungen. Sie haben die Chance, in einem dynamischen Umfeld mit über 400 Gesellschaften weltweit zu arbeiten und Ihre Ideen in einem familiären Team einzubringen. Wir bieten Ihnen die Möglichkeit, Ihr Potenzial zu entfalten, sowohl fachlich als auch persönlich. Dabei setzen wir auf smarte Lösungen, die die Effizienz steigern und die Würth-Gruppe finanziell auf Erfolgskurs halten. SO BEWERBEN SIE SICH Das klingt spannend für Sie? Dann sollten wir uns kennenlernen! Wir freuen uns auf Ihre vollständigen Bewerbungsunterlagen an: Jessica Pizzeghello Human Resources jobs.ch@wuerthfinance.net",,,Switzerland,Switzerland,"Churerstrasse 10, 9400 Rorschach, Churerstrasse 10, 9400 Rorschach, CH",2026-08-12T12:02,2026-08-26T19:17:15.817444+00:00,https://www.jobwinner.ch/job/14692761,Strong,"Corporate treasury responsibilities span FX-risk management, financing and cash management, so practical treasury decisions are central despite some process/tool development.",link:not_revalidated,9967310ba0e11bf7,live,2026-08-26T19:17:15.817444+00:00,source_seen_recently
b8ad6d80c543af15,d0f7a9e9fffd7710,willhaben-at,,Oberbank AG,Treasury Spezialist:in - Schwerpunkt Wertpapierhandel,"Treasury Spezialist:in - Schwerpunkt Wertpapierhandel (w/m/d) Oberbank AG Linz Lernen Sie als Berufseinsteiger:in bei uns Ihren neuen Job lieben! Treasury Spezialist:in - Schwerpunkt Wertpapierhandel (w/m/d) Linz Kontakt: Andrea Freilinger, M.A. Tel. +43 732 7802-37825 Online Bewerbung MY JOB: Sie verstärken die Gruppe Markets & Liquidity im Bereich Anleihehandel und übernehmen eine zentrale Rolle im Treasury. Damit leisten Sie einen wesentlichen Beitrag zur langfristigen Liquiditätssteuerung sowie zu den Veranlagungen der Oberbank im Rahmen des Asset-Liability-Managements (ALM). * Sie übernehmen Verantwortung im Bereich Fixed Income innerhalb der Gruppe Markets & Liquidity * Sie begleiten die Bank bei der Liquiditätsbeschaffung über Anleiheemissionen am Kapitalmarkt sowie bei Privatplatzierungen * Sie wirken aktiv an der Strukturierung und Preisgestaltung festverzinslicher Wertpapiere der Oberbank mit * Gemeinsam mit der Gruppe Markets & Liquidity gestalten Sie die Veranlagungen der Oberbank und entwickeln neue Veranlagungsideen * Sie setzen Ihre Marktmeinung mit Eigenhandelspositionen gezielt um * Sie begleiten und unterstützen Projekte im Themenfeld Fixed Income und bringen Ihre Perspektive aktiv ein MY CHALLENGE: * Sie haben eine kaufmännische Ausbildung abgeschlossen (HAK, Wirtschaftsstudium o.ä.) * Sie begeistern sich für Kapitalmärkte, Zinsen, Anleihen und wirtschaftliche Zusammenhänge * Sie bringen gute Englischkenntnisse mit * Sie verfügen über sehr gute MS-Office-Kenntnisse; VBA ist von Vorteil * Sie möchten von erfahrenen Kolleg:innen lernen und Schritt für Schritt mehr Verantwortung übernehmen * Sie sind ein echter Teamplayer und bringen sich aktiv in die Gruppe Markets & Liquidity ein * Sie arbeiten sorgfältig, engagiert und ergebnisorientiert * Sie interessieren sich für digitale Technologien und künstliche Intelligenz – idealerweise haben Sie sich bereits damit beschäftigt MY FUTURE: Wir bieten Ihnen hervorragende Weiterentwicklungs- und Karrieremöglichkeiten, einen krisensicheren Arbeitsplatz sowie ein kollegiales Arbeitsumfeld. Aus gesetzlichen Gründen weisen wir darauf hin, dass das kollektivvertragliche Bruttogehalt für diese Tätigkeit und für das beschriebene Profil (abgeschlossenes Magister-/Masterstudium) mindestens 3.841,56 € beträgt. Eine Überzahlung ist bei einschlägiger Berufserfahrung und besonderer Qualifikation selbstverständlich möglich. Darüber hinaus dürfen Sie sich auf attraktive Sozialleistungen und Benefits wie bspw. flexible Arbeitszeit, Mitarbeiterbeteiligung, Gesundheitsförderung, Essens- sowie Fahrtkostenzuschuss und vieles mehr freuen. Arbeitszeit: Vollzeit | Eintrittsdatum: nach Vereinbarung",,,Austria,Austria,"Linz, Oberösterreich, AT; Linz, Österreich",2026-08-26,2026-08-26T19:15:56.719521+00:00,https://www.karriere.at/jobs/7859168,Strong,"Treasury role combines liquidity/funding through securities issuance with fixed-income positioning and proprietary investment decisions, making markets and treasury execution central.",link:not_revalidated,b8ad6d80c543af15,live,2026-08-26T19:15:56.719521+00:00,source_seen_recently
580c30323183a307,d904689824106de3,karriere-at,,SCHULMEISTER Management Consulting GmbH,Corporate Treasury & Cash Management (m/w/d),"Corporate Treasury & Cash Management (m/w/d) Marktführer | Internationalität | Dienstleistungsunternehmen südlich von Wien Vollzeit EUR 90.000 + JOB ID: 12933-KA JETZT BEWERBEN Ihr zukünftiges Aufgabengebiet: In Ihrer Rolle gestalten Sie die strategische Ausrichtung der Unternehmensgruppe im Treasury-Bereich aktiv mit und agieren als Business Partner:in für alle Geschäftsbereiche Sie begleiten M&A-Transaktionen aus Treasury-Sicht, insbesondere hinsichtlich Finanzierungsstrukturierung, Cashflow-Planung und Liquiditätsmanagement Zusätzlich übernehmen Sie die eigenverantwortliche Leitung von Treasury-Projekten von der Konzeption bis zur erfolgreichen Umsetzung Als Kontaktperson für Banken bereiten Sie Finanzierungsvereinbarungen sowie Bankgespräche vor und prüfen entsprechende Verträge Darüber hinaus analysieren Sie Finanzdaten umfassend, erstellen aussagekräftige Managementberichte und identifizieren proaktiv Optimierungspotenziale Sie treiben die Weiterentwicklung sowie Digitalisierung von Treasury- und Zahlungsverkehrssystemen voran Damit wissen Sie uns zu überzeugen: Sie verfügen über ein abgeschlossenes Studium (Universität oder Fachhochschule) mit Schwerpunkt Finanzen Zudem bringen Sie mehrjährige einschlägige Berufserfahrung im Treasury- und Cash-Management mit, ergänzt durch Kenntnisse in der Projektfinanzierung sowie in internationalen Dienstleistungs- oder Industrieunternehmen Ihre sehr guten Deutsch- sowie soliden Englischkenntnisse in Wort und Schrift zeichnen Sie aus Sie sind sehr IT-affin und verfügen idealerweise über Erfahrung mit Treasury Management Systemen Insgesamt überzeugen Sie durch Ihre proaktive, lösungsorientierte Arbeitsweise sowie Ihre kommunikative und umgängliche Persönlichkeit Darauf dürfen Sie sich freuen: Es erwartet Sie ein spannendes Aufgabengebiet in einem wertschätzenden Team mit umfassender Einschulung sowie zahlreichen Weiterentwicklungsmöglichkeiten Unser Kunde lebt ein flexibles Arbeitszeitmodell inklusive einem Homeoffice-Tag pro Woche Zur optimalen Erreichbarkeit stehen kostenlose Parkplätze sowie ein Shuttleservice zur Verfügung Freuen Sie sich zudem auf zahlreiche Benefits, darunter ein Betriebsrestaurant sowie regelmäßige Teamevents Je nach Qualifikation und Erfahrung wird ein Bruttojahresgehalt ab EUR 90.000, -- auf Vollzeitbasis geboten, mit Bereitschaft zur Überzahlung Ihr zukünftiger Arbeitgeber: Unser Kunde ist ein internationales, marktführendes Unternehmen im Dienstleistungssektor der Transport- und Logistikbranche im Raum Wiener Neudorf. Zudem überzeugt das Unternehmen durch hohe Qualitätsstandards, ausgeprägte Innovationskraft und eine dennoch familiär geprägte Unternehmenskultur. Zur Unterstützung des Teams im Bereich Treasury und Cash Management wird nun eine erfahrene Persönlichkeit mit Hands-on-Mentalität sowie mehrjähriger Berufserfahrung gesucht. Arabel Senger Personalberatung Wien office@schulmeister-consulting.com JETZT BEWERBEN MAKING YOUR LIFE WORK BETTER BY MAKING YOUR WORK LIFE BETTER. 3 x Rückenwind für Ihre Karriere. Ihre Benefits mit Schulmeister Consulting: FEEDBACK Sie möchten wissen, wie Ihre Chancen stehen? Unsere Consultants analysieren Ihr Profil und beraten Sie objektiv und ehrlich. MENTORING Wir begleiten Sie langfristig auf dem Weg zu Ihrem Perfect Match - vom umfassenden Erstgespräch bis hin zur langfristigen Karriereplanung. INSIGHTS Wir sind seit über 20 Jahren im Geschäft und wissen genau, wie Ihre Branche tickt. Profitieren Sie von unserem Insider-Wissen!",,,Austria,Austria,"südlich von Wien, Wien, AT",2026-08-26T05:30:06+02:00,2026-08-26T19:12:25.509084+00:00,https://www.karriere.at/jobs/7857377,Strong,"Corporate treasury ownership includes financing structure, cash-flow and liquidity management, M&A treasury, bank negotiations and treasury projects; target treasury work is central.",link:not_revalidated,580c30323183a307,live,2026-08-26T19:12:25.509084+00:00,source_seen_recently
5e23348f6e241d5d,67ac50eb29eab47c,karriere-at,,SES Spar European Shopping Centers GmbH,Asset & Investment Manager (m/w/d),"Gemeinsam pulsierende Lebensräume schaffen. Gemeinsam begeistern wir Menschen mit unseren 32 pulsierenden Shopping-Destinationen in sechs Länder. SES Spar European Shopping Centers GmbH ist ein Unternehmen der SPAR Österreich-Gruppe und schafft Standorte mit höchster Kundenrelevanz. Asset & Investment Manager (m/w/d) SES Salzburg (Österreich) Vollzeit Ihre Aufgaben: Immobilientransaktionen: Sie begleiten bei internationalen An- und Verkäufen den gesamten Prozess von der Anbahnung über die Due Diligence Prüfung bis zum Closing. Portfolioanalyse: Sie bereiten Markt-, Standort- und Wettbewerberanalysen auf und analysieren die Immobilienperformances. Investment: Sie stimmen sich mit dem Management zu Investment-Strategien ab und bereiten die Entscheidungsgrundlagen vor. Wirtschaftlichkeit: Sie arbeiten bei der Erstellung von Budgets, Businessplänen und Immobilienbewertungen mit und vertreten dabei die Investorensicht. Koordination: Sie treten als Ansprechperson zu den Investoren auf und arbeiten eng mit internen Fachbereichen und externen Partnern (Banken, Gutachter, …) zusammen. Reporting: Sie koordinieren das Quartalsreporting für Investoren und bereiten die Quartalsmeetings vor. Unser Angebot: Sicherer Arbeitsplatz mit einem einzigartigen Team-Spirit Eigenverantwortliches und spannendes Aufgabengebiet Individuelle Aus- und Weiterbildungsmöglichkeiten Erstklassige Benefits (Mitarbeitertreuebonus, Homeoffice, Kinderbetreuungszuschuss, Versicherungsdienst, …) Leistungsgerechte und attraktive Entlohnung abhängig von Qualifikation und Erfahrung Ihr Profil: Abgeschlossene Ausbildung im Bereich Betriebswirtschaft, Immobilienwirtschaft oder Rechtswissenschaften Berufserfahrung im Bereich Finance, Controlling, Investment Management oder Immobilienwirtschaft von Vorteil Sehr gute Deutsch- und Englisch-Kenntnisse in Wort und Schrift, Italienisch von Vorteil Ausgezeichnete Kenntnisse in Office365 - insbesondere Excel Analytische und strukturierte Persönlichkeit mit hoher Zahlenaffinität, sowie einem sehr guten Verständnis für Kennzahlen und wirtschaftliche Zusammenhänge Netzwerker:in mit souveränem Außenauftritt, selbständiger Arbeitsweise, Hands-on-Mentalität, Flexibilität und Reisebereitschaft Jetzt bewerben! Ansprechpartnerin: Marlies Tritscher Durch die Zusendung Ihrer Bewerbungsunterlagen erklären Sie sich damit einverstanden, dass die SES Spar European Shopping Centers GmbH Ihre darin angegebenen Daten zur Weiterverarbeitung Ihrer Bewerbung verwendet. (Das gesetzliche Mindestentgelt auf Basis einer Vollzeitbeschäftigung beträgt für diese Position zweitausendzweihunderachtundsechzig Euro brutto pro Monat. Wir zahlen mehr!) SES Spar European Shopping Centers GmbH Söllheimer Straße 4, 5020 Salzburg, Austria www.ses-european.com",,,Austria,Austria,"Salzburg (Stadt), Salzburg, AT",2026-08-20T05:30:05+02:00,2026-08-26T19:12:25.509084+00:00,https://www.karriere.at/jobs/7857935,Strong,"The role directly supports international acquisitions/disposals from origination through due diligence and closing, investment strategy, valuation and investor decision materials.",link:not_revalidated,5e23348f6e241d5d,live,2026-08-26T19:12:25.509084+00:00,source_seen_recently
22152bcaa065d47e,e9b5183c6036fd1e,stellenanzeigen-de,,Sparkasse Rhein-Nahe,Fachberater Treasury (m/w/d),"zum Inhalt springen Sparkasse Rhein-Nahe Fachberater Treasury (m/w/d) Vollzeit Position mit Berufserfahrung Bad Kreuznach Weil‘s um mehr als Geld geht Die Sparkasse Rhein-Nahe setzt sich dafür ein, was im Leben wirklich zählt. Für Dich, für die Gesellschaft, für die Unternehmen, für die Region Rhein-Nahe und Umland. Wichtig für Mensch und Wirtschaft Seit der Gründung im Jahr 1835 sind wir die S für alle Menschen im schönen Rhein- und SooNahe-Land. Wir sammeln Einlagen in der Region und vergeben Kredite vor Ort. Damit halten wir den regionalen Geld- und Wirtschaftskreislauf in Schwung und tragen dazu bei, Wachstum und Arbeits- und Ausbildungsplätze zu schaffen und zu sichern. Gesellschaftliches Engagement Darüber hinaus fördern wir nachhaltig das Gemeinwohl durch unser vielfältiges gesellschaftliches Engagement in Bildung und Soziales, Umwelt- und Klimaschutz, Kunst, Musik und Sport. Chancen für junge und erfahrene Menschen Mit über 600 Mitarbeitenden und 38 Auszubildenden sind wir nicht ohne Grund ein wichtiger Arbeitgeber und Ausbildungsbetrieb in der Rhein-Nahe-Region. Steig ein in die faszinierende Welt der Finanzen. Wir haben als Arbeitgeber einiges zu bieten – einen Job, der Spaß macht und der kommunikativ und nah an den Menschen in der Region ist. Entdecke neue Perspektiven, Ausbildungs- und Karrierechancen und werde Teil der Sparkasse Rhein-Nahe! Unser Bereich Treasury und Immobilien befindet sich in einer Phase der strategischen Weiterentwicklung. Das Depot A soll künftig einen noch stärkeren Beitrag zur Ertrags- und Risikosteuerung unserer Sparkasse leisten. Zur Verstärkung unseres neu aufgestellten Teams Treasury und Handel suchen wir deshalb zum nächstmöglichen Zeitpunkt eine/-n Fachberater Treasury (m/w/d) (Research, Asset-Allokation und Mittelfristplanung) In dieser Funktion verbindest Du fundierte Kapitalmarktanalysen mit der strategischen und operativen Steuerung unserer Eigenanlagen. Du beobachtest die wirtschaftlichen und geldpolitischen Entwicklungen, leitest daraus mögliche Auswirkungen auf unser Portfolio ab und übernimmst die Verantwortung für die Weiterentwicklung unserer Asset-Allokation und Mittelfristplanung. Aufgabenschwerpunkte: Research und Kapitalmarktanalyse kontinuierliche Beobachtung und Analyse der volkswirtschaftlichen, geldpolitischen und kapitalmarktbezogenen Entwicklungen Erstellung und Präsentation von Zins-, Konjunktur- und Kapitalmarkteinschätzungen Entscheidungsvorlagen für die Bereichsleitung, den Vorstand und die relevanten Gremien Weiterentwicklung der strategischen und taktischen Asset-Allokation des Depot A Analyse der Ertrags-, Risiko- und Liquiditätswirkungen unterschiedlicher Portfoliostrukturen und Anlageentscheidungen Verantwortung für die Mittelfristplanung des Depot A Überwachung der Portfolioentwicklung sowie der bestehenden Emittenten-, Kontrahenten- und Assetklassenlimite Koordination und Mitwirkung bei der jährlichen Überprüfung des Limitprozesses für Handelsgeschäfte und Eigenanlagen Treasury, Handel und Projekte Durchführung und Abwicklung von Handelsgeschäften, insbesondere in festverzinslichen Wertpapieren und Geldmarktprodukten Mitarbeit im Zinsänderungs- und Liquiditätsmanagement der Sparkasse Unterstützung bei Kredit- und Anlageentscheidungen im Depot A Mitarbeit an strategischen, regulatorischen und prozessbezogenen Projekten im Treasury Mitwirkung bei der Umsetzung aufsichtsrechtlicher Anforderungen, insbesondere nach MaRisk und CRR III Profil: ein abgeschlossenes wirtschaftswissenschaftliches Studium, beispielsweise in Betriebswirtschaftslehre, Volkswirtschaftslehre oder Finance, oder eine vergleichbare bankfachliche Qualifikation praktische Erfahrung im Treasury, Eigenhandel, Portfoliomanagement, Risikocontrolling oder in einem vergleichbaren kapitalmarktnahen Tätigkeitsfeld ein fundiertes Verständnis volkswirtschaftlicher Zusammenhänge sowie der Funktionsweise der Geld- und Kapitalmärkte gute Kenntnisse in der Bewertung und Positionierung festverzinslicher Wertpapiere und Wertpapierportfolios idealerweise Erfahrung in der strategischen Asset-Allokation sowie im Planungsprozess eines Depot A oder einer Bank Kenntnisse im Portfoliomanagement und in den Limitprozessen eines Kreditinstituts grundlegende Kenntnisse weiterer Anlageklassen und Finanzinstrumente ein grundlegendes Verständnis der aufsichtsrechtlichen Anforderungen an Treasury, insbesondere nach MaRisk und CRR III ausgeprägte analytische und konzeptionelle Fähigkeiten sowie Freude an der Arbeit mit Zahlen, Märkten und komplexen Zusammenhängen einen sicheren Umgang mit Excel sowie idealerweise Erfahrung mit Bloomberg und gängigen Treasury-Anwendungen eine selbstständige, strukturierte und lösungsorientierte Arbeitsweise Eigeninitiative, Verantwortungsbewusstsein und Freude an der Zusammenarbeit im Team die Fähigkeit, komplexe Sachverhalte klar, präzise und adressatengerecht aufzubereiten Kapitalmarktnahe Zusatzqualifikationen wie CFA oder CIIA sind von Vorteil. Ebenso begrüßen wir die Bereitschaft, entsprechende Qualifikationen berufsbegleitend zu erwerben. Das zahlt sich aus: Position – Du übernimmst eine vielseitige und verantwortungsvolle Fachposition in einem strategisch bedeutenden Bereich unserer Sparkasse. Gestaltungsspielraum – Du hast die Möglichkeit, die Weiterentwicklung des Depot A und der Kapitalmarktstrategie sowie Strategien, Analysen und Prozessen aktiv mitzugestalten. Team –Du bist in einem wachsenden Team mit kurzen Abstimmungswegen und enger Zusammenarbeit mit der Bereichsleitung. Weiterbildungsmöglichkeiten – Uns ist Deine berufliche und persönliche Entwicklung wichtig. Work-Life-Balance – Wir wertschätzen Dein Privatleben mit flexiblen Arbeitszeit-modellen, der Möglichkeit zum Homeoffice und 32 Urlaubstagen. Gesundheitsförderung – Wir unterstützen Dich mit ergonomischen Arbeits-mitteln, Zuschuss zu PCBrillen und betrieblichem Gesundheitsmanagement. Mitarbeiterangebote– Du profitierst von JobTicket, Fahrradleasing sowie attraktiven Einkaufsvorteilen und unserer#gerneperDU Kultur. Attraktive Bezahlung – Mit knapp 14 Gehältern honorieren wir Deinen Einsatz. Gemeinwohl – Bei der Sparkasse arbeitest Du für die Region. Das klingt nach der richtigen Aufgabe für Dich? Dann freuen wir uns auf Deine Online-Bewerbung über den Bewerbungsbutton unter www.sparkasse.net/karriere Bei Fragen stehen Dir nachfolgende Ansprechpartner gerne zur Verfügung: Bereichsleiter Treasury und Immobilien Jan-Philipp Schulz unter 0671/94-51644 Personalmanagerin Anke Stengel unter 0671/94-51240 Wie geht es weiter? Wir melden uns innerhalb von 2 Tagen bei Dir. Sparkasse Rhein-Nahe Standort Sparkasse Rhein-Nahe Kornmarkt 5 55543 Bad Kreuznach Rheinland-Pfalz Einsatzort Mannheimer Str. 181 55543 Bad Kreuznach Rheinland-Pfalz",,,Germany,Germany,"Bad Kreuznach, Rheinland-Pfalz, DE",2026-08-17T00:00:01+00:00,2026-08-26T19:10:04.376029+00:00,https://www.arbeitsagentur.de/jobsuche/jobdetail/11858-SDE-115372-STA-S,Strong,"Treasury/investment role is centered on Depot-A research, asset allocation, capital-markets analysis and balance-sheet investment decisions, so practical markets work is central.",link:not_revalidated,22152bcaa065d47e,live,2026-08-26T19:10:04.376029+00:00,source_seen_recently
2cbf89f0b985e8a1,68624c0b11f2b182,stellenanzeigen-de,,Tradewind Holding GmbH,Treasury Manager (m/w/d),"Die Refinanzierung unserer weltweiten Factoringaktivitäten steuern wir vollständig zentral aus Deutschland – auf zwei Säulen: bilaterale und syndizierte Kreditlinien sowie strukturierte Kapitalmarkttransaktionen in Form von Asset-Backed Securities (ABS). Währungsrisiken werden durch eine konsequent währungsrisikoneutrale Struktur ausgeschlossen; Zins- oder Devisenhedging kommen derzeit nicht zum Einsatz. Für unser Group Treasury suchen wir eine analytisch starke Persönlichkeit, die Freude an Kapitalmarktstrukturen, Kreditdokumentation und internationalem Finanzmanagement hat. Employment Full-time Starting date Immediatly Location Germany Homeoffice 60% About Tradewind Established in 2000, Tradewind Finance is a leading global trade finance company specializing in post- shipment financing, invoice discounting, and non-recourse factoring solutions. With a network of offices throughout the world, including our headquarters in Germany, we provide financing across international markets. Diversity and dedication define our team. Our diverse team, representing cultures across Asia, the Middle East, Europe, and the Americas, brings deep expertise in international trade and finance. We are committed to empowering businesses by providing liquidity solutions that enhance cash flow and foster sustainable growth, with a strong focus on supporting SMEs worldwide. What the job expects Want to make an impact in international trade finance? Become part of Tradewind Finance! Verantwortung für die gruppenweite Refinanzierung unseres Geschäfts, einschließlich der Betreuung bilateraler und syndizierter Kreditlinien, Covenant-Monitoring sowie bankseitigem Reporting Operative Steuerung und Weiterentwicklung von ABS- und Structured-Finance-Transaktionen, inklusive Performance-Analysen, Investor Reporting und Transaktionsstrukturierung Durchführung quantitativer Analysen, Cashflow-Modellierungen und Szenario-Rechnungen zur Unterstützung von Finanzierungs- und Strukturierungsentscheidungen Eigenständige Zusammenarbeit mit Banken, Investoren, Transaktionsanwälten und internen Stakeholdern im nationalen und internationalen Umfeld Mitwirkung an Treasury-Projekten sowie der Weiterentwicklung von Treasury-Systemen, Refinanzierungsinstrumenten und Finanzprozessen Your profile What we are looking for: Skills Ausgeprägte analytische Denkweise und Freude an komplexen Zahlen, Strukturen und Verträgen Hohes Maß an Präzision – insbesondere im Umgang mit Transaktionsdokumentationen und Investorenreports/ -kommunikation Kommunikationsstärke und verhandlungssicheres Auftreten gegenüber internen und externen Partnern Eigeninitiative, Hands-on-Mentalität und Bereitschaft, schrittweise Verantwortung zu übernehmen Teamorientierte Arbeitsweise Sicherer Umgang mit MS Excel Experience 3-5 Jahre Berufserfahrung im Bereich Treasury Grundlegendes Verständnis des Kreditgeschäfts: Strukturen, Vertragsdokumentation, Covenant-Logiken, Kreditrisikoanalyse Interesse an ABS/Structured Finance – erste Berührungspunkte aus Studium, Praktikum oder erster Berufstätigkeit willkommen Grundkenntnisse Finanzmathematik: Cashflow-Modellierung, Szenario-Analyse Education Studium der Wirtschaftswissenschaften, Finance, Banking, Mathematik o.Ä. Alternativ bankspezifische Ausbildung mit Zusatzqualifikation Languages Sehr gute Deutsch- und Englischkenntnisse What we are offering: Unbefristete Festanstellung mit attraktiver, leistungsgerechter Vergütung Intensive Einarbeitung und fachliche Begleitung durch erfahrene Kolleg:innen Langfristige Perspektive in einem wachsenden, zu 100 % inhabergeführten Unternehmen Spannende und internationale Projekte mit Gestaltungsspielraum Flache Hierarchien und kurze Entscheidungswege Modern ausgestatteter Arbeitsplatz Möglichkeit zum hybriden Arbeiten nach der Einarbeitungszeit Kostenloser Parkplatz und sehr gute Verkehrsanbindung (A44, Flughafen Mönchengladbach) Vermögenswirksame Leistungen und attraktive Sozialleistungen Offene, respektvolle Unternehmenskultur mit Kolleg:innen aus über 20 Nationen Ein motiviertes und aufgeschlossenes Team Corporate Benefits Wasser-, Tee- & Kaffeeflatrate Contact us Questions? Get in touch Anna Lena Mahler Head of HR Germany Tradewind GmbH Flughafenstr. 83 41066 Mönchengladbach Arbeitsort: Vor Ort",,,Germany,Germany,"Mönchengladbach, DE",2026-08-02T08:58:26.429995+00:00,2026-08-26T19:10:04.376029+00:00,https://www.stellenanzeigen.de/job/treasury-manager-m-w-d-moenchengladbach-jim-293979/,Strong,Group Treasury owns refinancing through bilateral/syndicated facilities and ABS/structured-finance transactions with covenant and performance analysis; financing execution is central.,link:not_revalidated,2cbf89f0b985e8a1,live,2026-08-26T19:10:04.376029+00:00,source_seen_recently
d14f90d9371a24f0,08e2fa2fb89d8a89,stellenanzeigen-de,,Workwise GmbH,Manager Transaction Services - M&A / Valuation (m/w/d),"Festanstellung • Augsburg Vergütung: von 65000 bis 90000 EUR Manager Transaction Services - M&A / Valuation (m/w/d) Über Kanzlei SONNTAG Mit über 500 Mitarbeitenden agieren wir seit 1978 bereichsübergreifend und in kleinen, agilen Teams in den Bereichen Steuerberatung, Rechtsberatung und Wirtschaftsprüfung. Unsere Expert:innen beraten unsere Mandanten dabei individuell und aus einer Hand in Augsburg, München, Nürnberg und Ulm. Unser Angebot Chancen & Verantwortung: Bringen Sie Ihre fachliche Perspektive in abwechslungsreiche Projekte und Mandate verschiedenster Branchen und Unternehmensgrößen ein und schaffen Sie gemeinsam echten Mehrwert. Im direkten Mandantenkontakt übernehmen Sie Verantwortung und bringen Ihre Expertise ein, insbesondere in der Anleitung von Kolleg:innen sowie durch Vorträge und Veröffentlichungen. Sie entwickeln sich – unterstützt von einem wertschätzenden Umfeld – fachlich wie persönlich kontinuierlich weiter. Onboarding & Entwicklung: Wir begleiten Sie mit einem strukturierten Onboarding, persönlichem Mentoring sowie regelmäßigen Feedbackgesprächen. Nachhaltige Perspektiven erhalten Sie über unsere hauseigene Akademie, vielfältige externe Weiterbildungsangebote und individuelle Entwicklungswege entlang klar definierter Karrierestufen. Darüber hinaus unterstützen wir Sie gezielt bei Berufsexamina und Zusatzqualifikationen, wie den CVA. Arbeitsumgebung & Kultur: Wir verbinden fachliche Exzellenz mit einer wertschätzenden Unternehmenskultur. In team- und bereichsübergreifender Zusammenarbeit entwickeln wir gemeinsam nachhaltige und durchdachte Lösungen. Standort- und teamübergreifende Events wie Sommerfest, Weihnachtsfeier und regelmäßige Teamevents stärken unseren Zusammenhalt. Work-Life-Balance: Wir bieten flexible Arbeitszeitmodelle passend zu jeder Lebensphase, bis zu 40 % Remote Work sowie 30 Urlaubstage plus Weihnachten und Silvester ermöglichen echte Erholung – auch in Form längerer Urlaubsphasen oder eines Sabbaticals. Gesundheit & Wohlbefinden: Wir fördern Ihre Gesundheit ganzheitlich – mit EGYM Wellpass, Jobrad, ergonomischer Arbeitsplatzausstattung sowie gesunder Verpflegung vor Ort. Ergänzend stehen Ihnen unser Betriebsarzt sowie vertrauliche Beratungsangebote jederzeit unterstützend zur Seite. Monetäre Leistungen & unser Karrieremodell: Auf Basis unseres Karrieremodells bieten wir ein Jahresbruttogehalt in einer Spanne von 65.000 bis 90.000 EUR an, das sich je nach Qualifikation, Erfahrung und individuellem Kompetenzprofil bemisst. Zusätzlich zu Ihrer Fixvergütung erhalten Sie einen leistungsabhängigen Vertragsbonus. Ergänzt wird unser Angebot durch attraktive Zusatzleistungen wie Corporate Benefits, Edenred City Card oder einen Fahrtkostenzuschuss. Ihre Aufgaben Durchführung von Unternehmensbewertungen, Kaufpreisallokationen und Impairmenttests Analyse von Businessplänen sowie Erstellung fundierter Financial Models als Entscheidungsgrundlage Begleitung von Unternehmenstransaktionen über alle Phasen hinweg, insbesondere im Rahmen von Financial-Due Diligence Prüfungen Erarbeitung von Sanierungskonzepten (nach IDW S 6) – gemeinsam im Team und mit Blick auf nachhaltige Lösungen Betriebswirtschaftliche Beratung und langfristige Betreuung unserer Mandant:innen bei komplexen Fragestellungen Übernahme von Projektverantwortung, mit Raum, eigene Stärken, Ideen und Arbeitsweisen einzubringen Zusammenarbeit in interdisziplinären Teams Ihr Profil Erfolgreich absolviertes Studium der Wirtschaftswissenschaften oder des Wirtschaftsrechts Mindestens 3 Jahre Berufserfahrung im Bereich der Wirtschaftsprüfung/Steuerberatung, der Transaktions-/ Sanierungsberatung oder einem vergleichbaren Umfeld Agile, analytische und eigenverantwortliche Arbeitsweise sowie erste Erfahrung bei der Leitung von Projekten Idealerweise bereits erste bestandene Examina (z.B. CVA, CFA, Wirtschaftsprüfer/in oder Steuerberater/in) Zuverlässige und professionelle Mandantenbetreuung bei komplexen Fragestellungen Nach Erhalt Ihrer Unterlagen machen wir uns ein erstes Bild davon, ob Ihre Erfahrungen und Wünsche zu der von uns ausgeschriebenen Position passen. Ist dies der Fall, werden wir Sie zu einem persönlichen Gespräch zu uns einladen oder eine Videokonferenz organisieren. Je nach Position findet eventuell anschließend ein Kennenlernen mit dem Team statt. Unser Jobangebot Manager Transaction Services - M&A / Valuation (m/w/d) klingt vielversprechend? Bei unserem Partner Workwise ist eine Bewerbung für diesen Job in nur wenigen Minuten und ohne Anschreiben möglich. Anschließend kann der Status der Bewerbung live verfolgt werden. Wir freuen uns auf eine Bewerbung über Workwise. Unser Jobangebot Manager Transaction Services - M&A / Valuation (m/w/d) klingt vielversprechend? Dann freuen wir uns auf deine Bewerbung.",,,Germany,Germany,"Augsburg, Bayern, DE",2026-08-06T18:47:37.272590+00:00,2026-08-26T19:10:04.376029+00:00,https://www.stellenanzeigen.de/job/manager-transaction-services-m-a-valuation-m-w-d-augsburg-jim-313949/,Strong,"Transaction Services role is centered on M&A-related financial analysis, valuation and transaction work with direct client responsibility, matching the deal-execution lane.",link:not_revalidated,d14f90d9371a24f0,live,2026-08-26T19:10:04.376029+00:00,source_seen_recently
ebc060a6412235e0,b413348d831400c5,stellenanzeigen-de,,Workwise GmbH,Senior Consultant M&A - Transactions / Due Diligence (m/w/d),"Festanstellung • Düsseldorf Vergütung: von 70000 bis 89996 EUR Senior Consultant M&A - Transactions / Due Diligence (m/w/d) Über AURICON Group Wir sind eine unabhängige Beratungsboutique mit Standorten in Düsseldorf und Dortmund. In den Bereichen Transactions, Restructuring und CFO Advisory begleiten wir mittelständische Unternehmen, Konzerne und Beteiligungsgesellschaften bei anspruchsvollen unternehmerischen Fragestellungen. Die AURICON Group verbindet fundierte fachliche Expertise mit individuellen und umsetzungsorientierten Lösungen. Durch unsere interdisziplinäre Aufstellung betrachten wir Herausforderungen ganzheitlich und schaffen nachhaltigen Mehrwert für unsere Mandanten. Dabei wachsen wir gemeinsam: fachlich, persönlich und als Unternehmen. Was bieten wir dir? Onboarding & Mentoring: Strukturierter Einstieg und enge Begleitung für eine schnelle Übernahme von Verantwortung Flexibles Arbeiten: Ob remote, beim Mandanten oder in unseren Büros in Düsseldorf und Dortmund – Du arbeitest projektbezogen und flexibel Wachse mit uns: Trainings, Coaching, Peer Learning und digitale Lernformate – ab Senior-Level ergänzt durch individuelle Förderung Gesundheitsförderung & Teamevents: Profitiere von einer Fitness-Studio-Mitgliedschaft und regelmäßigen Teamevents, die Deine Gesundheit und den Teamgeist stärken Was erwartet dich? Verantwortung in Transaktionsprojekten: Du übernimmst eigenständig Verantwortung für Arbeitspakete und Teilprojekte und steuerst diese in enger Abstimmung mit Projektleitung und Mandanten Projektsteuerung & Teamarbeit: Du koordinierst Aufgaben im Team und unterstützt die fachliche Anleitung von Consultants und Interns Finanzanalyse und -planung: Du leitest Handlungsempfehlen und Entscheidungsgrundlagen aus den Analysen der Finanzzahlen, des Geschäftsmodells und Finanzplanung ab Unternehmensbewertung & Financial Modelling: Du erstellst eigenständig Unternehmensbewertungen (z. B. DCF, Multiples) sowie Financial Models und prüfst diese mit unterschiedlichen Szenarien M&A-Prozesse aktiv mitgestalten: Du strukturierst Transaktionsprozesse mit und verantwortest die Erstellung entscheidungsrelevanter Unterlagen Mandantenkontakt & Präsentation: Du präsentierst Deine Ergebnisse adressatengerecht und arbeitest eng mit Mandanten, Investoren und interdisziplinären Teams zusammen Was solltest du mitbringen? Mindestens drei Jahre relevante Berufserfahrung im Bereich M&A oder Transaction Services sowie Erfahrung in der eigenständigen Bearbeitung von Projekten oder Teilprojekten Erste Erfahrung in der Steuerung von Arbeitspaketen sowie in der fachlichen Anleitung von Teammitgliedern Überdurchschnittlich abgeschlossenes Studium der Wirtschaftswissenschaften mit klarem Schwerpunkt in Finance, Accounting oder vergleichbar Fundierte Erfahrung in Financial Due Diligence, Unternehmensbewertung und/oder Financial Modelling Ausgeprägtes analytisches Denkvermögen, ein sehr gutes Zahlenverständnis sowie die Fähigkeit, komplexe Sachverhalte strukturiert zu durchdringen Sehr gute Kenntnisse in Excel und PowerPoint sowie die Fähigkeit, finanzielle Analysen adressatengerecht aufzubereiten und zu präsentieren; sehr gute Deutsch- und Englischkenntnisse in Wort und Schrift Interesse? Dann freuen wir uns auf Deine Bewerbung über unser Karriereportal. Ein Anschreiben ist nicht erforderlich. Unser Jobangebot Senior Consultant M&A - Transactions / Due Diligence (m/w/d) klingt vielversprechend? Bei unserem Partner Workwise ist eine Bewerbung für diesen Job in nur wenigen Minuten und ohne Anschreiben möglich. Anschließend kann der Status der Bewerbung live verfolgt werden. Wir freuen uns auf eine Bewerbung über Workwise. Unser Jobangebot Senior Consultant M&A - Transactions / Due Diligence (m/w/d) klingt vielversprechend? Dann freuen wir uns auf deine Bewerbung.",,,Germany,Germany,"Düsseldorf, Nordrhein-Westfalen, DE",2026-08-08T18:48:04.326855+00:00,2026-08-26T19:10:04.376029+00:00,https://www.stellenanzeigen.de/job/senior-consultant-m-a-transactions-due-diligence-m-w-d-duesseldorf-jim-319995/,Strong,"The role owns workstreams in transaction projects with financial analysis, due diligence and M&A execution, so substantive deal work is central.",link:not_revalidated,ebc060a6412235e0,live,2026-08-26T19:10:04.376029+00:00,source_seen_recently
ab9a26c5a9700a15,803241ac4c1c9424,arbeitsagentur-de,,Eberspächer Gruppe GmbH & Co. KG,Senior Treasury Specialist (w/m/d),"Ihr Kopf ist voller Einfälle, und Ihre Nase ist immer in Richtung Zukunft gerichtet. Wenn Ihre Ideen woanders auf Granit stoßen, stoßen sie bei uns auf Zuspruch. Als familiengeführter Hidden Champion bieten wir lieber große Gestaltungsspielräume als große Konferenzräume. Bei Ihren abwechslungsreichen Aufgaben greifen Sie an 80 Standorten mehr als 10.000 Kollegen kräftig unter die Arme. Bei uns leben und erleben Sie tagtäglich die Werte: Vertrauen, Respekt und Toleranz. So fördern wir Vielfalt und Karrieren, die in Bewegung bleiben.",,,Germany,Germany,"Esslingen am Neckar, Baden-Württemberg, DE",2026-08-18,2026-08-26T19:06:03.067482+00:00,https://www.arbeitsagentur.de/jobsuche/jobdetail/14927-2ntj6jk99k8-S,Strong,"Hands-on treasury across cash, funding, FX/rates, hedging or financing is core to the role.",link:not_revalidated,ab9a26c5a9700a15,live,2026-08-26T19:06:03.067482+00:00,source_seen_recently
ab70f16e45ec7666,1fa77cff471bb26d,arbeitsagentur-de,,IRS Holding GmbH,Treasury Manager (m/w/d),"*Die IRS Group * Für unsere international aufgestellte Unternehmensgruppe mit Aktivitäten in fünf europäischen Ländern suchen wir eine fachlich versierte und umsetzungsstarke Persönlichkeit für die Position als Treasury Manager (m/w/d). Die Position verbindet klassische Treasury-Aufgaben mit der gruppenweiten Liquiditätssteuerung, der wöchentlichen direkten Cashflow-Planung sowie der Betreuung einer komplexen Finanzierungsstruktur. Sie arbeiten dabei eng mit den Länder-CFOs, dem zentralen Accounting, Controlling und der Geschäftsführung zusammen. Ihre Aufgaben Steuerung und Überwachung der gruppenweiten Liquidität sowie Sicherstellung der jederzeitigen Zahlungsfähigkeit Betreuung, Konsolidierung und Weiterentwicklung des wöchentlichen direkten 13-Wochen-Cash-Forecasts für die Gruppe mit fünf Länderorganisationen Plausibilisierung der Länderplanungen sowie Durchführung von Plan-Ist- und Forecast-Abweichungsanalysen Erstellung und Weiterentwicklung der Überleitung zwischen direktem und indirektem Cashflow sowie Abstimmung mit Ergebnis-, Bilanz- und Working-Capital-Entwicklung Identifikation von Liquiditätsrisiken und Ableitung konkreter Steuerungsmaßnahmen gemeinsam mit den Länder-CFOs Betreuung der gruppenweiten Finanzierungsstruktur einschließlich Darlehen, Kreditlinien und Intercompany-Finanzierungen Durchführung und Qualitätssicherung von Zins-, Gebühren-, Tilgungs- und Principal-Berechnungen Erstellung und Fortschreibung von Zins-, Tilgungs- und Fälligkeitsplänen Abstimmung der Finanzierungssalden und Zinsberechnungen mit dem zentralen Accounting und den Länderorganisationen Überwachung von Covenants, Reportingpflichten und finanzierungsrelevanten Fristen Betreuung von Bankkonten, Zahlungsströmen, Avalen, Garantien und Finanzierungspartnern Unterstützung bei Monats-, Quartals- und Jahresabschlüssen im Bereich Treasury und Finanzierung Unterstützung bei der Transferpreis-Dokumentation Weiterentwicklung von Treasury-Prozessen, Tools, Datenmodellen und Steuerungsinstrumenten Aufbau eines transparenten Treasury-Reportings mit relevanten KPIs und Frühwarnindikatoren Ihr Profil Fachlich Abgeschlossenes Studium mit Schwerpunkt Finance, Accounting, Controlling oder eine vergleichbare Qualifikation Mehrjährige Berufserfahrung im Treasury, Corporate Finance oder Finanzierungsmanagement Fundierte Erfahrung mit direkter Cashflow- und Liquiditätsplanung, idealerweise mit rollierenden 13-Wochen-Forecasts Gute Kenntnisse komplexer Finanzierungsstrukturen sowie von Zins-, Tilgungs- und Darlehensberechnungen Sehr gutes Verständnis der Zusammenhänge zwischen direktem und indirektem Cashflow, Bilanz, Ergebnisrechnung und Working Capital Erfahrung in einer international aufgestellten Unternehmensgruppe oder einer Organisation mit mehreren Gesellschaften Sehr gute Excel- und Modellierungskenntnisse Erfahrung mit ERP-, Konsolidierungs-, Planungs- oder Treasury-Systemen von Vorteil (idealerweise haben Sie Erfahrung mit LucaNet) Sehr gute Deutsch- und Englischkenntnisse Persönlich Strukturierte, sorgfältige und eigenständige Arbeitsweise Pragmatisch und umsetzungsorientiert Analytisch stark; komplexe Finanzierungs- und Liquiditätsthemen verständlich aufbereiten Hands-on-Mentalität und bereichs-/länderübergreifende Zusammenarbeit Bestehende Prozesse und Instrumente aktiv betreuen und weiterentwickeln *Was wir bieten * Zentrale Rolle in der Liquiditäts- und Finanzierungssteuerung einer internationalen Unternehmensgruppe mit rund 170 Standorten Enge Zusammenarbeit mit Länder-CFOs, der Geschäftsführung, dem zentralen Finance-Team, Group Controlling und lokalen Managementteams Breites Aufgabenspektrum vom operativen Treasury bis zur Weiterentwicklung von Prozessen und Steuerungsinstrumenten Hoher Gestaltungsspielraum sowie kurze Entscheidungswege Attraktives Gesamtpaket inkl. hybrider Arbeitsmöglichkeiten Corporate Benefits – bis zu 50 % Rabatt bei über 1.500 Marken Company Bike Kontaktdaten Interessiert? Sie möchten gern Teil unseres Teams werden? Dann freuen wir uns auf Ihre Bewerbung über den Bewerbungslink. IRS Holding GmbH Eidelstedter Platz 18 22523 Hamburg",,,Germany,Germany,"Hamburg, Hamburg, DE",2026-07-24,2026-08-26T19:06:03.067482+00:00,https://www.arbeitsagentur.de/jobsuche/jobdetail/17163-0066308193-S,Strong,"Corporate treasury role centers on liquidity planning, financing/covenants and cash management, providing direct ownership of core treasury decisions.",link:not_revalidated,ab70f16e45ec7666,live,2026-08-26T19:06:03.067482+00:00,source_seen_recently
db0bb9c3f71f3d9b,035048ca2bfdc1fd,arbeitsagentur-de,,REMA TIP TOP AG,Treasury Manager Payments & Financial Risk Management (m/w/d),"Über Uns Die REMA TIP TOPAG ist ein weltweit agierender Systemlieferant für Material Handling und Fördersysteme sowie für Verschleiß- und Korrosionsschutz. Durch unseren Einsatz können regionale und globale Kunden durch effektive Systeme, Konzepte, Anwendungen und Services unterstützt werden. Darüber hinaus ist das Unternehmen Spezialanbieter für die Bereiche Reifenreparatur und Werkstatteinrichtungen und bietet darin, neben den jeweiligen Produkten, auch Dienstleistungen sowie Konzeptplanungen für globale Key-Account Kunden an. Ihr Aufgabengebiet Überwachung und Analyse von FX-, Zins- und Rohstoffrisiken sowie Entwicklung und Umsetzung von Hedging-Strategien Durchführung von Absicherungsgeschäften über Treasury-Systeme (TMS, 360T) Erstellung von Risiko-Reports, Ad-hoc-Analysen und Unterstützung des Accountings bei Hedge Accounting nach HGB und IFRS Ansprechpartner für internationale Tochtergesellschaften in Fragen des Risiko-Managements Abwicklung des operativen Zahlungsverkehrs und Verwaltung der Bankkonten Durchführung der täglichen Finanzdisposition sowie Unterstützung bei Geldanlagen und Finanzierungen Mitwirkung bei Liquiditätsplanung, Reporting und Pflege der Prozesse im TMS Betreuung von Cash-Pooling-Strukturen sowie Verwaltung interner Darlehen und Intercompany-Verträge Ihr Profil Abgeschlossenes Studium mit finanzwirtschaftlichem Schwerpunkt oder vergleichbare Qualifikation Mehrjährige Erfahrung im Corporate Treasury eines internationalen Unternehmens Fundierte Kenntnisse im FX-, Zins- und Rohstoffrisikomanagement Erfahrung mit Hedging-Strategien und Finanzinstrumenten Kenntnisse in Cash Management, Liquiditätsplanung und Inhouse Banking Erfahrung mit Treasury-Management-Systemen (TMS), idealerweise 360T, sowie sehr gute Excel-Kenntnisse Kenntnisse im Hedge Accounting nach HGB und IFRS von Vorteil Wir bieten Ihnen Möglichkeit zum mobilen Arbeiten nach Absprache Kantine vor Ort mit Arbeitgeberzuschuss Bikeleasing / PC Leasing 30 Tage Urlaub Corporate Benefits Flexible Arbeitszeiten Sollten Sie noch Fragen haben dann hilft Ihnen unser konzerninternes Recruiting Team der dbs Delta Business Service GmbH gerne weiter. Bewerbung an: Isabella.Brandl@dbs-gruppe.de 08121/70710132",,,Germany,Germany,"Poing bei München, Bayern, DE",2026-08-05,2026-08-26T19:06:03.067482+00:00,https://www.arbeitsagentur.de/jobsuche/jobdetail/10001-1003493712-S,Strong,"Treasury role directly manages FX, rates and commodity exposures, hedging instruments and liquidity/cash management, making financial-risk execution central.",link:not_revalidated,db0bb9c3f71f3d9b,live,2026-08-26T19:06:03.067482+00:00,source_seen_recently
92cd1c6ad72d4d85,8ed60da8ff2cda01,platsbanken-se,,JobBusters Aktiebolag,Treasury Specialist,"Your New Role We are looking for a Treasury Specialist for an exciting interim assignment to our client in Gothenburg! In this role, you will take a central position in managing treasury activities, with a particular focus on financial risk management, liquidity, cash forecasting and insurance. The position combines strategic responsibility with hands-on execution and offers the opportunity to work closely with both local and global finance organizations. You will report directly to the CFO and work closely with the Group Treasury organization, acting as a key local treasury contact. As Treasury Specialist, you will be responsible for ensuring effective management of the company's financial risks and liquidity while providing treasury expertise to the wider organization. Your key responsibilities will include: Managing, monitoring and mitigating FX, commodity price and interest rate risks. Coordinating and executing hedging activities in line with established Group policies. Taking ownership of liquidity management and cash flow forecasting, including short- and long-term forecasts. Monitoring liquidity and ensuring sufficient funding to support business operations. Managing relationships with banks and financial institutions, including financing and liquidity-related matters. Taking overall responsibility for the company's insurance programmes, including renewals, claims and coordination with external advisors. Working closely with Group Treasury on global initiatives, projects and process improvements. Providing treasury expertise and support to Accounting, Controlling, FP&A and other business functions. Acting as Travel Manager, overseeing the internal travel booking system and related processes. Company Presentation Our client is an international, technology-driven industrial company specialising in the development and production of advanced powertrain solutions for the global automotive market. With cutting-edge engineering and state-of-the-art manufacturing facilities across two continents, they are pushing the boundaries of sustainable mobility and shaping the future of transportation. Joining this organisation means becoming part of a collaborative, forward-thinking environment where technical excellence, innovation, and long-term responsibility guide every step. Good to Know Scope of employment: Full-time, 100% Type of contract: Fixed-term employment as a consultant via JobBusters. Start date: As soon as possible End date: 2026-03-07, with the possibility of extension In your application: Please ensure that your CV clearly demonstrates how you meet the qualifications required by the client. To succeed in this role, you will need: A university degree in Finance, Economics, Business Administration or a related field. Several years of experience within Treasury, Corporate Finance, Banking or Financial Risk Management. Strong experience in FX, commodity and interest rate risk management. Solid experience in liquidity management and cash flow forecasting. Practical experience with hedging instruments and strategies. Experience of working with banks and financial institutions, including financing and liquidity solutions. Excellent analytical skills and strong proficiency in Microsoft Excel. Meritorious: Experience with Treasury Management Systems or ERP systems. Meritorious: Knowledge of Bloomberg. What we Offer Secure employment with a collective bargaining agreement, insurance coverage and occupational pension Wellness allowance and employee discounts and offers via Benifex (e.g., health, leisure, transport and healthcare) Flex pension and access to the Lifeplan pension advisory service Additional compensation during parental leave Occupational health services Long-term assignments and a dedicated Consultant Manager for personal support Opportunities to build valuable experience, expand your network and grow your future career We look forward to receiving your application We review applications on an ongoing basis. As recruitment processes in the consulting industry can move quickly, the position may be filled before the advertised deadline — so we encourage you to apply as soon as possible. You do not need to submit a cover letter. Instead, please respond to the screening questions included in the application process.",,,Sweden,Sweden,"Göteborg, Västra Götalands län, Sverige",2026-08-18T15:09:13,2026-08-21T07:00:26.833081+00:00,https://arbetsformedlingen.se/platsbanken/annonser/31366804,Strong,"Hands-on treasury assignment covering financial-risk management, hedging, liquidity forecasting and banking relationships; practical treasury execution is central.",link:not_revalidated,92cd1c6ad72d4d85,live,2026-08-28T17:28:52.831323+00:00,http_200
a5d0f04be927dcb3,042f1af77f6e5945,platsbanken-se,,Sway Sourcing Sweden Aktiebolag,💼 Treasury Specialist,"💼 Treasury Specialist We are looking for an experienced Treasury Specialist for an interim assignment in Gothenburg. The role focuses on financial risk management, liquidity planning, cash flow forecasting, hedging and banking relationships in an international environment. 🎯 Key responsibilities Manage financial risks related to foreign exchange, commodity prices and interest rates. Coordinate and execute hedging activities. Manage liquidity and prepare short- and long-term cash flow forecasts. Monitor financial markets and identify potential risks. Maintain relationships with banks and financial institutions. Support the development of treasury processes. Coordinate insurance-related activities. ✅ Requirements University degree in Finance, Economics, Business Administration or a related field. Senior experience within Treasury, Corporate Finance, Banking or Financial Risk Management. Proven experience in managing foreign exchange, commodity price and interest rate risks. Strong experience in liquidity management and cash flow forecasting. Practical experience with financial hedging instruments and strategies. Good knowledge of financial markets and FX/MM products. Experience managing relationships with banks and financial institutions. Excellent Microsoft Excel skills. Professional fluency in English, both written and spoken. ➕ Preferred qualifications Experience with Treasury Management Systems or ERP systems. Experience with Bloomberg. Experience in insurance management. 🌟 Personal qualities You are analytical, structured and solution-oriented with a pragmatic, hands-on approach. You work independently, take ownership of your responsibilities and communicate financial matters clearly. You are comfortable collaborating with different stakeholders in an international environment. 📍 Location: Gothenburg 📅 Assignment period: 7 September 2026–7 March 2027 🕒 Scope: Full-time, 40 hours per week 🏢 Work arrangement: 100% on-site Sway Sourcing är en innovativ rekryteringspartner som specialiserar sig på att matcha rätt talang med rätt företag – snabbt och effektivt. Vårt huvudfokus ligger inom Ekonomi, Administration, HR, Marknad och IT, men vi har även den breda expertis och flexibilitet som krävs för att leverera skräddarsydda rekryteringslösningar inom alla branscher. Trots att vi är en relativt ny aktör har vi redan byggt förtroende hos många av Sveriges största företag och arbetar både nationellt och internationellt. Med baser i Sverige och Spanien erbjuder vi en unik kombination av lokal expertis och global räckvidd. Vårt starka nätverk och djupa branschinsikter gör oss till en självklar partner för företag som vill ligga steget före i sin rekrytering.",,,Sweden,Sweden,"Göteborg, Västra Götalands län, Sverige",2026-08-18T16:37:50,2026-08-21T07:00:26.833081+00:00,https://arbetsformedlingen.se/platsbanken/annonser/31367896,Strong,"Hands-on treasury assignment covers FX/commodity/rate risks, hedging execution, liquidity forecasting and bank relationships, making core treasury work central.",link:not_revalidated,a5d0f04be927dcb3,live,2026-08-28T17:28:52.831991+00:00,http_200
d0dab2c78787dc30,3034dc1031b3a29b,arbeitsagentur-de,,BANSBACH GmbH,Senior Consultant (m/w/d) Corporate Finance,"Als eine der führenden mittelständischen Wirtschaftsprüfungs- und Steuerberatungsgesellschaften in Deutschland engagiert sich BANSBACH für eine gute und vertrauensvolle Beziehung zu unseren Mandanten und Mitarbeitenden. Uns ist es wichtig, ein Umfeld zu schaffen, in dem sich jede und jeder Einzelne kontinuierlich weiterentwickeln und wachsen kann. In einer Atmosphäre, die von Kompetenz, Hilfsbereitschaft und gegenseitiger Unterstützung geprägt ist, bewegen und gestalten wir gemeinsam - im Sinne unserer Mandanten! Unser Corporate Finance Team bei BANSBACH in Stuttgart führt betriebs- und finanzwirtschaftliche Beratungen durch und unterstützt Mandanten und Investoren im Bereich M&A, Financial Due Diligence, integrierte Unternehmensfinanzplanung, Valuation und Transaction Services. Mit Deinem Know-how trägst Du dazu bei, dass komplexe Unternehmenstransaktionen erfolgreich realisiert werden, Bewertungen belastbar sind und Mandanten auch langfristig begleitet werden. Deine Arbeit im Bereich Corporate Finance sorgt dafür, dass unsere Mandanten bei allen Fragen rund um Transaktionen, Bewertungen und Finanzierungsangelegenheiten verlässlich und kompetent beraten werden - und unterstützt so direkt das nachhaltige Wachstum unserer Mandanten und von BANSBACH. Klingt spannend? Dann freuen wir uns auf Dich an unserem Standort Stuttgart als Senior Consultant (m/w/d) Corporate Finance Deine Aufgaben bei uns • Du führst Due Diligences professionell durch, steuerst den gesamten Prozess von der Auswertung bis zur Berichterstattung und stellst sicher, dass Mandanten jederzeit umfassend informiert sind • Bei Transaktionsprozessen wirkst Du aktiv mit und unterstützt die Verhandlungsführung • Unternehmens-, Vermögens- und Schuldenbewertungen führst Du qualifiziert durch und trägst mit Deinen Analysen zu fundierten Entscheidungen bei (u.a. Squeeze-Outs, steuerliche Strukturierungen, M&A, Nachfolgethemen) • Projektleitungen bei Sonderprojekten im Bereich Corporate Finance, etwa bei spezialisierten Finanzierungsanalysen oder Kapitalmaßnahmen, übernimmst Du zeitweise • Entsprechend Deinen Neigungen kannst Du Dich darüber hinaus in der Anwendung und Weiterentwicklung moderner IT-Lösungen im Team einbringen, beispielsweise im Bereich Data Analytics Dein Profil • Ein hohes Maß an analytischem Denkvermögen zeichnet Dich aus, Du trittst überzeugend auf und teilst Deine Expertise klar und verständlich mit Mandanten • Du arbeitest sowohl eigenverantwortlich und eigeninitiativ als auch gerne im Team und bringst Dich aktiv in gemeinsame Projekte ein • Idealerweise hast Du ein Faible für neue Technologien, Programmierung und Trends im Corporate-Finance-Umfeld • Du hast ein erfolgreich abgeschlossenes Studium (z. B. BWL, VWL, Wirtschaftswissenschaften), idealerweise mit Schwerpunkt Corporate Finance, Rechnungswesen oder eine vergleichbare Qualifikation • Eine Qualifikation als CVA, CFA oder eine vergleichbare Weiterbildung hast Du bereits erworben oder bist bereit, ein entsprechendes Examen anzustreben Was Du bei uns erwarten kannst • 30 + 2 Urlaubstage und betriebliche Zuschüsse • BANSBACH Tag und Team-Events • Bedarfsgerechte Benefits • Jährliche Fort- und Weiterbildungen • Moderne Geschäftsausstattung • Work-Life-Balance Wir freuen uns auf Deine Bewerbung! Bitte sende uns Deine aussagekräftigen sowie vollständigen Unterlagen über unser Bewerbungsportal. Für Rückfragen steht Dir Clarissa Kehne unter +49 711 1646 898 gerne zur Verfügung.",,,Germany,Germany,"Stuttgart, Baden-Württemberg, DE",2026-07-31,2026-08-21T06:54:27.301681+00:00,https://www.arbeitsagentur.de/jobsuche/jobdetail/13635-a39bc61c_JB5210324-S,Strong,"Corporate Finance role covers transaction projects, due diligence, valuation and financing analysis, so substantive deal execution is central.",link:not_revalidated,d0dab2c78787dc30,live,2026-08-28T17:28:52.833232+00:00,http_200
0ef4c8f07e537368,73efbba7a9ce5446,arbeitsagentur-de,,Baker Tilly Holding GmbH Wirtschaftsprüfungs- gesellschaft,Consultant - Transaction & Valuation Services (m/w/d),"Wir als Baker Tilly sind mit 50.400 Expertinnen und Experten in den Bereichen Audit & Advisory, Tax, Legal und Consulting in 147 Ländern vertreten. In Deutschland gehören wir zu den führenden partnerschaftlich geführten Beratungsgesellschaften mit 1.740 Kolleginnen und Kollegen verteilt auf 10 Standorte. Wir suchen nach Talenten mit frischen Ideen und Tatendrang. Uns ist es wichtig, dass Sie Ihr Potenzial bestmöglich entfalten und Ihren persönlichen Horizont erweitern können. Deshalb sind Sie von Beginn an Teil unseres Teams und erhalten frühzeitig die Möglichkeit Verantwortung zu übernehmen und eigene Projekte umzusetzen. In unserem fördernden und fordernden Umfeld können Sie sich ideal weiterentwickeln und über sich hinauswachsen, während Sie die für Sie passende, individuelle Unterstützung von uns erhalten. Denn bei Baker Tilly glauben wir fest daran, dass Erfolg Teamsache ist. Erleben Sie unsere interdisziplinäre Zusammenarbeit und profitieren Sie von unserem internationalen Netzwerk aus Expertinnen und Experten. Diese Aufgabenvielfalt bieten wir: Mithilfe bei Financial Due Diligence Prüfungen sowie Financial Modelling Analyse von Planungsrechnungen und Modellprämissen für Unternehmensbewertungen und Transaktionen Unterstützung bei Projekten im Rahmen von M&A-Transaktionen, gesellschaftlichen Umstrukturierungen sowie aktienrechtlichen Sonderprüfungen Mitwirkung bei der Bewertung von Unternehmen (small, mid und large caps) sowie von Vermögenswerten im Rahmen verschiedener Anlässe (u. a. gutachtliche/indikative Bewertungen, Purchase Price Allocation und Fairness Opinions) Unterstützung bei Jahres- und Konzernabschlussprüfungen Das bringen Sie mit: Wir suchen Sie zur Verstärkung unserer sympathischen Teams an einem unserer 10 bundesweiten Standorten: Erfolgreich abgeschlossenes Hochschulstudium im Bereich Wirtschaftswissenschaften mit Schwerpunkt Wirtschaftsprüfung, Rechnungslegung, Revision oder Controlling oder vergleichbar Erste Erfahrung durch Praktika und/oder Werksstudententätigkeit wünschenswert Freude an der Arbeit im Team Sehr gute Deutschkenntnisse und gute Englischkenntnisse in Wort und Schrift",,,Germany,Germany,"Hamburg, Hamburg, DE; Dortmund, Nordrhein-Westfalen, DE; Regensburg, Bayern, DE; Frankfurt am Main, Hessen, DE; Berlin, Berlin, DE; Leipzig, Sachsen, DE; Nürnberg, Bayern, DE; Düsseldorf, Nordrhein-Westfalen, DE; München, Bayern, DE; Stuttgart, Baden-Württemberg, DE",2026-06-19,2026-08-21T06:54:27.301681+00:00,https://www.arbeitsagentur.de/jobsuche/jobdetail/10001-1003256575-S,Strong,"The role combines financial due diligence, modelling, M&A transaction support and business valuation; transaction work is a material core responsibility despite some audit-related tasks.",link:not_revalidated; freshness:posting_68d_old,0ef4c8f07e537368,live,2026-08-28T17:28:52.835858+00:00,http_200
9661fa377664c0b4,e8c8e6a929108938,arbeitsagentur-de,,ECOVIS Bayla Union GmbH,Analyst Corporate Finance & Unternehmensbewertung (m/w/d),"Menschen machen ein Unternehmen aus. Sie alle bringen unterschiedliche Gedanken, Erfahrungen und Fähigkeiten mit. Wir schätzen und fördern das Fachliche ebenso wie den Menschen in all seinen Facetten. Denn gemeinsam machen wir Ecovis besser. Besser für uns und besser für unsere Mandanten. Wir suchen dich in Vollzeit oder Teilzeit an unserem Standort in Dingolfing für den Bereich Corporate Projects unserer Unternehmensberatung als Consultant / Analyst Corporate Finance & Unternehmensbewertung (m/w/d) Wir wachsen weiter und suchen Verstärkung! Du willst nicht nur Zahlen verwalten, sondern Unternehmen aktiv gestalten? Egal, ob du frisch von der Uni kommst oder schon Berufserfahrung mitbringst: Wir suchen jemanden, der sich tief in die Bilanzen einarbeitet, die harten Fakten herausarbeitet und sie so aufbereitet, dass unsere Mandanten die richtigen strategischen Entscheidungen treffen können. Deine Mission bei uns Du begleitest Transaktionen und Veränderungen hautnah. Dazu gehören M&A-Prozesse (Unternehmenskauf/-verkauf), die Regelung von Unternehmensnachfolgen sowie Sanierungskonzepte. Du führst Unternehmens-, Markt- und Wettbewerbsanalysen durch. Du verstehst es, Daten nicht nur zu sammeln, sondern die richtigen Schlüsse daraus zu ziehen. Du erstellst Finanzmodelle, integrierte Planungen (GuV, Bilanz, Cashflow) und führst Unternehmensbewertungen durch. Du arbeitest nicht nur zu, sondern verwaltest eigenständig Teilprojekte und koordinierst Aufgaben und Timings selbstsicher. Du verwandelst komplexe Zahlenwerke in klare Präsentationen, Reports und Entscheidungsvorlagen, die unsere Mandanten überzeugen. Das bringst du mit Du hast ein abgeschlossenes Studium (BWL, Finance, Wirtschaftswissenschaften) oder eine vergleichbare Qualifikation mit relevanter Berufserfahrung (z.B. im Banken- oder Finanzbereich). Du hast sehr gute analytische Fähigkeiten und bewegst dich sicher in Excel und PowerPoint. Du hast echtes Interesse an betriebswirtschaftlichen Zusammenhängen und daran, wie Geschäftsmodelle funktionieren. Du arbeitest strukturiert, zuverlässig und bist ein echter Teamplayer. Du hast noch nicht viel Erfahrung im Consulting? Kein Problem! Wenn das analytische Fundament stimmt und du motiviert bist, bringen wir dir das Handwerkszeug „on the job“ bei. Unser Deal für dich Ein unbefristeter Arbeitsvertrag, faire Vergütung und echte Entwicklungsmöglichkeiten in einem wachsenden Unternehmen. Flexible Arbeitszeiten und der Homeoffice-Freitag geben dir Zeit für das, was dir privat wichtig ist. Keine Angst vor neuen Herausforderungen: Wir sorgen mit einer individuellen Einarbeitung dafür, dass du dich schnell bei uns zurechtfindest – angepasst an deinen Kenntnisstand. Wir fördern gezielt interne und externe Weiterbildungen, damit unser Team fachlich immer up to date bleibt. Zusätzlich hast du Zugriff auf das breite Angebot unserer Ecovis Akademie. Ein moderner Arbeitsplatz mit den neuesten Tools und Technologien, die dir den Alltag erleichtern. Ein engagiertes Team und ein familiäres Miteinander, in dem Arbeiten Spaß macht. Kostenlose Getränke, frisches Obst und Mitarbeiterrabatte. Klingt nach deinem neuen Job? Dann bewirb dich - auch wenn dein Lebenslauf nicht zu 100% auf alle Punkte passt. Wir suchen Persönlichkeit und Motivation! Sende uns deine Unterlagen (Lebenslauf genügt im ersten Schritt) über das Online-Bewerberformular oder per E-Mail an: Judith Blask (bewerbung@ecovis.com). Wir freuen uns darauf, dich kennenzulernen! Ecovis berät den Mittelstand. In den mehr als 150 deutschen Büros arbeiten rund 3.500 Mitarbeiter in Steuerberatung, Wirtschaftsprüfung, Rechts- und Unternehmensberatung. Darüber hinaus sind wir in nahezu 90 Ländern weltweit vertreten. Was Ecovis macht und ausmacht unter: www.ecovis.com",,,Germany,Germany,"Dingolfing, Bayern, DE",2026-05-19,2026-08-21T06:54:27.301681+00:00,https://www.arbeitsagentur.de/jobsuche/jobdetail/10001-1003093113-S,Strong,"Corporate Finance role centers on M&A, restructuring/succession analysis, financial models and company valuations, directly supporting transaction decisions.",link:not_revalidated; freshness:posting_99d_old,9661fa377664c0b4,live,2026-08-28T17:28:52.837296+00:00,http_200
bba662ad8482a5fc,2cfd20057307d064,jobbsafari-se,,Aspia - Sweden,M&A Manager,"Aspia is looking for an M&A Manager to join Group Business Development and help drive our continued growth across the Nordic region. This is a hands on role in a lean M&A team, with broad responsibility across the entire transaction process. You will work on platform investments, add on acquisitions and selected divestments, from identifying opportunities and developing the investment case to due diligence, negotiation and completion. You will report to the Group Head of M&A and work closely with Aspia's Group Management Team, Country Managers and other senior stakeholders across the business. About Aspia Aspia is a leading Nordic provider of technology enabled accounting, payroll, tax and advisory services. Founded in 2018 under the ownership of IK Partners, Aspia was acquired by Vitruvian Partners in 2023. The Group has committed to delivering majority of its growth by 2030 through mergers and acquisitions, reinforcing the critical role of inorganic expansion in shaping Aspia's long-term strategy and value creation. The role You will take responsibility for the daily management of M&A processes across the Nordics. This includes: Identifying, approaching and evaluating potential acquisition targets Driving transaction processes with a high degree of independence and ownership from initial outreach through completion Coordinating financial, commercial, legal, tax and other due diligence workstreams Developing valuations and financial models, including DCF, LBO, comparable company and precedent transaction analyses Assessing transaction structures and supporting the negotiation of key commercial terms Preparing NBOs, LOIs, investment committee papers, Board materials and management presentations Turning strategic, financial and diligence findings into clear investment recommendations Supporting strategic and corporate development initiatives alongside core M&A responsibilities Managing internal stakeholders and external advisers throughout the process Qualifications You have 2-3 years of relevant experience from investment banking, corporate finance, private equity, in house M&A or a leading strategy consultancy and expect you to have: Strong financial modelling, valuation and analytical skills Experience working with complex processes involving several stakeholders and parallel workstreams The ability to form an independent view and communicate it clearly Strong attention to detail without losing sight of the broader investment case Confidence working with senior stakeholders, business owners and external advisers Excellent written and spoken Swedish and English Fluency in Swedish or another Nordic language is an advantage. Experience from business services, such as accounting, payroll, tax, audit, consulting or adjacent sectors, is also valuable but not a requirement. You are likely someone who enjoys taking ownership, works well at pace and is comfortable moving between detailed analysis and senior discussions. You are commercially minded, pragmatic and motivated by getting deals done, not simply analyzing them. You are able to drive complex processes with a high degree of independence and thrive in an entrepreneurial environment where priorities can evolve quickly. Beyond transactions, you have a genuine interest in business, strategy and value creation, and are excited by the opportunity to contribute to broader initiatives across the Group What we offer You will join a high performing M&A team with a central role in Aspia's Nordic growth strategy. The position offers genuine transaction ownership, close exposure to senior decision makers and the opportunity to work across the full deal lifecycle. For someone looking to move from an advisory environment into a principal role, or to take on broader responsibility within M&A, this is an opportunity to see decisions through from the first conversation with an owner to the completed transaction. Does this sound like an interesting opportunity to you? If so, we look forward to receiving your application! You can easily apply by submitting your CV and answering a few screening questions directly in our recruitment system. Due to GDPR regulations, we do not accept applications via email. Please note that selection and interviews are conducted on an ongoing basis, and the position may be filled before the application deadline. Contact: If you have any questions about the position, please contact the hiring manager, André Lerdell: andre.lerdell@aspia.se If you have any questions regarding the recruitment process, please contact the responsible recruiter, Talia Brorsson: talia.brorsson@aspia.se We use a competency-based approach throughout our recruitment process and make an objective, holistic assessment of your skills, experience, and potential to grow in the role.","The role You will take responsibility for the daily management of M&A processes across the Nordics. This includes: Identifying, approaching and evaluating potential acquisition targets Driving transaction processes with a high degree of independence and ownership from initial outreach through completion Coordinating financial, commercial, legal, tax and other due diligence workstreams Developing valuations and financial models, including DCF, LBO, comparable company and precedent transaction analyses Assessing transaction structures and supporting the negotiation of key commercial terms Preparing NBOs, LOIs, investment committee papers, Board materials and management presentations Turning strategic, financial and diligence findings into clear investment recommendations Supporting strategic and corporate development initiatives alongside core M&A responsibilities Managing internal stakeholders and external advisers throughout the process",,Sweden,Sweden,"Stockholm, Stockholm",2026-08-11T22:00:01.000Z,2026-08-20T12:51:37.683861+00:00,https://jobbsafari.se/jobb/ma-manager-scsom-20488712,Strong,"M&A Manager role owns the transaction process across target analysis, due diligence, modelling, negotiation and closing, making deal execution central.",link:not_revalidated,bba662ad8482a5fc,live,2026-08-28T17:28:52.838416+00:00,http_200
51187f5215e9e92d,e955dffb764342d3,jobbsafari-se,,"Citigroup, Inc.",Investment Banking Senior Analyst,"The Investment Banking Analyst/Senior Analyst is an intermediate level position responsible for assisting clients in raising funds in the capital markets, as well as in providing strategic advisory services for mergers, acquisitions and other types of financial transactions in coordination with the Institutional Banking team. The Investment Banking Analyst also serves as an intermediary in trading for clients. The overall objective of this role is to act as a strategic advisor to our clients by formulating investment strategies and raising capital for clients. Responsibilities: Work with senior Corporate & Investment Bank (CIB) officers and professionals and participate in particular client transactions, projects or assignments as the junior member of the Investment Banking team Assist in the execution of Citi's Investment Banking business activities Responsible for organizing and analyzing sophisticated financial data used in client proposals and strategic plans Prepare written recommendations, valuation materials and statistical exhibits for pitches and live deals Conduct economic/financial research Evaluate company's financial performance compared to overall industry and market trends Build complex financial models for valuation purposes Appropriately assess risk when business decisions are made, demonstrating particular consideration for the firm's reputation and safeguarding Citigroup, its clients and assets, by driving compliance with applicable laws, rules and regulations, adhering to Policy, applying sound ethical judgment regarding personal behavior, conduct and business practices, and escalating, managing and reporting control issues with transparency. Qualifications: Experience within a similar position preferred (Ideally 2- 5 years) Knowledge and experience in evaluating corporate transactions and structures Experience creating financial analyses, including drafting financial models for the purpose of an M&A transaction Demonstrated problem solving and organizational skills Consistently demonstrates clear and concise written and verbal communication skills Ability to work with teams and track business development (collect research, analyze industry trends) Fluent in at least one Nordic language and English Education: Bachelor's degree/University degree or equivalent experience This job description provides a high-level review of the types of work performed. Other job-related duties may be assigned as required. This Role is a ""Controlled Function"" Role as defined by the Central Bank of Ireland Reform Act 2010 and Principal Regulations 2011, and amending Regulations 2014, 2015. Job Family Group: Institutional Banking Job Family: Investment Banking Time Type: Full time Primary Location Full Time Salary Range: kr940,000.00 - kr1,200,000.00 Most Relevant Skills Please see the requirements listed above. Other Relevant Skills For complementary skills, please see above and/or contact the recruiter. Citi is an equal opportunity employer, and qualified candidates will receive consideration without regard to their race, color, religion, sex, sexual orientation, gender identity, national origin, disability, status as a protected veteran, or any other characteristic protected by law. If you are a person with a disability and need a reasonable accommodation to use our search tools and/or apply for a career opportunity review Accessibility at Citi. View Citi's EEO Policy Statement and the Know Your Rights poster.","Responsibilities: Work with senior Corporate & Investment Bank (CIB) officers and professionals and participate in particular client transactions, projects or assignments as the junior member of the Investment Banking team Assist in the execution of Citi's Investment Banking business activities Responsible for organizing and analyzing sophisticated financial data used in client proposals and strategic plans Prepare written recommendations, valuation materials and statistical exhibits for pitches and live deals Conduct economic/financial research Evaluate company's financial performance compared to overall industry and market trends Build complex financial models for valuation purposes Appropriately assess risk when business decisions are made, demonstrating particular consideration for the firm's reputation and safeguarding Citigroup, its clients and assets, by driving compliance with applicable laws, rules and regulations, adhering to Policy, applying sound ethical judgment regarding personal behavior, conduct and business practices, and escalating, managing and reporting control issues with transparency.",,Sweden,Sweden,"Stockholm, Stockholm",2026-07-20T22:00:01.000Z,2026-08-20T12:51:37.683861+00:00,https://jobbsafari.se/jobb/investment-banking-senior-analyst-scsom-20445264,Strong,"Investment Banking Senior Analyst is centered on modelling, M&A and capital-raising execution, so substantive transaction work is central.",link:not_revalidated,51187f5215e9e92d,live,2026-08-28T17:28:52.839763+00:00,http_200
38b197882bdaae97,2f5baafcb6436270,jobbsafari-se,,Lovable,Treasury Lead,"TL;DR: You will build Lovable's treasury function from scratch, working directly with our Head of Tax. This is a high-ownership, high-impact role for someone who knows how to set up treasury infrastructure in a fast-moving environment and wants to do it at one of the fastest-growing AI companies in the world. Why Lovable? Lovable is the software creation platform that gives people the power to act on the problems closest to them. For decades, turning an idea into software required so much capital, technical fluency, and time that many ideas never came to life. Lovable is the counterargument: a platform for all people with ideas, ambition, and problems worth solving. From solopreneurs to small business owners to teams at companies like Adidas and Zendesk, people have built over 60 million projects on Lovable since its launch in November 2024. And we're just getting started. We're building a generational company from Stockholm, with growing teams in London, Boston, New York, and San Francisco. Our team is small, talent-dense, and moving quickly, with a culture rooted in extreme ownership, high velocity, and low-ego collaboration. We look for people who care deeply, ship fast, and are eager to make a dent in the world. Lovable is one of TIME's 100 Most Influential Companies and has been recognized on the Forbes AI 50 and CNBC Disruptor 50, reflecting our momentum as one of Europe's fastest-growing AI companies and one of the most ambitious places to build in this next era of software. What we're looking for Lovable is scaling fast across multiple entities and geographies. As our first Treasury Lead, you'll work alongside the Head of Tax to build the treasury function from the ground up: investment strategy, cash management, FX framework, banking relationships, and intercompany structure. This is not a process-maintenance role. You'll be building, not inheriting, across a multi-entity, multi-currency business that is growing quickly. If you thrive in greenfield environments, find smarter ways to work, and want real ownership from day one, this is for you. You should have: Minimum 8+ years of treasury experience, ideally spanning cash management, investments, FX, and banking Experience setting up or significantly building out a treasury function, not just running one Strong understanding of cash investment strategies and risk management frameworks Hands-on experience with FX risk management and hedging in a multi-currency, multi-entity environment Background in high-growth tech or SaaS - you understand the pace and the lack of playbook Experience building and maintaining banking relationships and driving cost reduction across fees and transactions A genuine interest in AI tools and agentic ways of working - you look for smarter approaches, not just faster ones The ability to work independently and make decisions without a team behind you yet Excellent communication skills in English Based in Stockholm or willing to relocate What you'll do Build and own Lovable's investment policy and cash management framework across all entities Optimise yield on cash balances while maintaining appropriate liquidity and risk parameters Establish treasury infrastructure to support the business as it scales across multiple geographies and entities Build and implement an FX framework as international revenue grows Drive cost reduction across FX, banking fees, and payment transactions Build up and maintain banking relationships across the group Own daily cash visibility across all entities and banks Manage intercompany financing arrangements and ensure they are properly documented Partner with Finance, Tax, and Legal on treasury implications of commercial and structural decisions Build scalable treasury processes and actively explore how AI and automation can make the function smarter About your application Please submit your application in English. It's our company language, so you'll be speaking lots of it if you join. We treat all candidates equally - if you're interested, please apply through our careers portal.","TL;DR: You will build Lovable's treasury function from scratch, working directly with our Head of Tax. This is a high-ownership, high-impact role for someone who knows how to set up treasury infrastructure in a fast-moving environment and wants to do it at one of the fastest-growing AI companies in the world. Why Lovable? Lovable is the software creation platform that gives people the power to act on the problems closest to them. For decades, turning an idea into software required so much capital, technical fluency, and time that many ideas never came to life. Lovable is the counterargument: a platform for all people with ideas, ambition, and problems worth solving. From solopreneurs to small business owners to teams at companies like Adidas and Zendesk, people have built over 60 million projects on Lovable since its launch in November 2024. And we're just getting started. We're building a generational company from Stockholm, with growing teams in London, Boston, New York, and San Francisco. Our team is small, talent-dense, and moving quickly, with a culture rooted in extreme ownership, high velocity, and low-ego collaboration. We look for people who care deeply, ship fast, and are eager to make a dent in the world. Lovable is one of TIME's 100 Most Influential Companies and has been recognized on the Forbes AI 50 and CNBC Disruptor 50, reflecting our momentum as one of Europe's fastest-growing AI companies and one of the most ambitious places to build in this next era of software. What we're looking for Lovable is scaling fast across multiple entities and geographies. As our first Treasury Lead, you'll work alongside the Head of Tax to build the treasury function from the ground up: investment strategy, cash management, FX framework, banking relationships, and intercom",,Sweden,Sweden,"Stockholm, Stockholm",2026-07-06T10:15:58.000Z,2026-08-20T12:51:37.683861+00:00,https://jobbsafari.se/jobb/treasury-lead-stshe-20415850,Strong,"Greenfield Treasury Lead role owns investment strategy, cash management, FX framework, hedging and banking setup; practical treasury decisions are the core profession.",link:not_revalidated; freshness:posting_50d_old,38b197882bdaae97,live,2026-08-28T17:28:53.648849+00:00,http_200
9d8ede39c6840397,3c22b910c552f47f,jobs-ch,,AlpVera Corporate GmbH,Finanzanalyst/-in & Consultant (M&A),"Hauptaufgaben: Analyse von Jahresabschlüssen und Unternehmenskennzahlen Erstellung von Financial Models sowie Unternehmensbewertungen (DCF, Multiples und Vergleichsanalysen) Durchführung von Financial Due Diligence Begleitung von M&A-Transaktionen (Buy-Side und Sell-Side) Erstellung von Term Sheets, Informationsmemoranden und Kundenberichten Analyse und Normalisierung von EBITDA Erstellung von Analysen, Präsentationen und finanzwirtschaftlichen Stellungnahmen Zusammenarbeit mit Banken, Wirtschaftsprüfern, Rechtsanwälten und Behörden Beratung von Kunden in den Bereichen Unternehmensfinanzierung, Unternehmensstrukturierung und Investitionsentscheidungen Teilnahme an Kunden- und Geschäftsterminen in der Schweiz und im Ausland Stellenprofil: Abgeschlossenes Hochschulstudium (Master oder höher) in Finanzen, Banking oder Volkswirtschaft Mindestens fünf Jahre Berufserfahrung im Bereich Corporate Finance, M&A, Investment Banking, Financial Analysis, Valuation oder Financial Due Diligence Nachweisbare Erfahrung bei der Begleitung von M&A-Transaktionen Sehr gute Kenntnisse in Financial Modelling und Unternehmensbewertung Kenntnisse des Schweizer Finanz- und Regulierungsumfelds sind von Vorteil Deutsch auf Niveau C1 sowie Englisch auf Niveau B2; Spanisch und Russisch auf Niveau B2 sind von Vorteil Führerausweis Kategorie B Bereitschaft zu regelmässigen Geschäftsreisen im In- und Ausland Analytische, strukturierte und selbständige Arbeitsweise mit hoher Kundenorientierung sowie einwandfreiem beruflichem Leumund","Main tasks: Analysis of annual financial statements and company key figures Creation of financial models and company valuations (DCF, multiples and comparative analyses) Carrying out financial due diligence Supporting M&A transactions (buy-side and sell-side) Preparation of term sheets, information memoranda and customer reports Analysis and normalization of EBITDA Preparation of analyses, presentations and financial statements Collaboration with banks, auditors, lawyers and authorities Advising customers in the areas of corporate financing, Corporate structuring and investment decisions Participation in customer and business meetings in Switzerland and abroad Job profile: Completed university degree (Master or higher) in finance, banking or economics At least five years of professional experience in the area of corporate finance, M&A, investment banking, financial analysis, valuation or financial due diligence Proven experience in supporting M&A transactions Very good knowledge of financial modeling and company valuation Knowledge of the Swiss financial and regulatory environment is an advantage German at level C1 and English at level C1 is an advantage B2; Spanish and Russian at level B2 are an advantage Driver's license category B Willingness to take regular business trips at home and abroad Analytical, structured and independent way of working with a high level of customer orientation and impeccable professional reputation",,Switzerland,Switzerland,"Zürich, CH",2026-08-12T11:24:31+02:00,2026-08-20T12:51:14.688963+00:00,https://www.jobs.ch/en/vacancies/detail/4be5a93c-c283-4f3a-b666-073b8a42331c/,Strong,"M&A/financial-analysis role covers financial due diligence, modelling, valuation and buy-/sell-side transaction support, making deal execution central.",link:not_revalidated,9d8ede39c6840397,live,2026-08-28T17:28:53.733269+00:00,http_200
