opportunity_id,company,title,excluded_reason
244e0481e36d59f2,OMV Group,IT Sr Expert SAP Finance & Accounting,not_strong
f03df037d99dc549,Wipro,365 F&O Finance Functional Consultant,not_strong
707a492b234ce1fc,Wipro,ASSET MANAGEMENT ENGINEER L0(CONTRACT),not_strong
62424e0cf1e50757,Wipro,Adobe Analytics,not_strong
291e7a78a3de202a,Wipro,Assistente Financeiro (Contas a Pagar) - PT e Espanhol,not_strong
77fd64273e3c340c,Wipro,Assistente Financeiro Bilingue Espanhol (Contabilidade),not_strong
3fcd0a017e881726,Wipro,BUSINESS ANALYST,not_strong
8e293bf573d6ce98,Wipro,BUSINESS ANALYST L2,not_strong
31175b55719808c7,Wipro,BUSINESS ANALYST L3,not_strong
bb81d6d161677b44,Wipro,BUSINESS ANALYST L3(CONTRACT),not_strong
147dbd8c3973370b,Wipro,BUSINESS ANALYST L4,not_strong
3edc5d4f3baaac20,Wipro,BUSINESS ANALYST L4(CONTRACT),not_strong
09d81769e2f6daa8,Wipro,BUSINESS ANALYST L5,not_strong
3c91365f3677a2f9,Wipro,BUSINESS ANALYST L5(CONTRACT),not_strong
63f7b0df042c6222,Wipro,Banking New Business Development,not_strong
d4d32a45d644fe37,Wipro,Banking Testing,not_strong
d8dcdc47a36cee7d,Wipro,Business Analyst (Maps Domain),not_strong
81c97a375437d482,Wipro,Business Analyst - Data,not_strong
18ec153485d87001,Wipro,Business Analyst Manager,not_strong
1ca4c071dd6dda24,Wipro,Business Analyst- Contract,not_strong
05863e5a1bb807e2,Wipro,Business Finance,not_strong
3bfbd1e8dbcf030e,Wipro,Business Finance (BFM),not_strong
d4497079ef532f2b,Wipro,CONSULTING PARTNER - CAPITAL MARKETS,not_strong
a55460577a2665c9,Wipro,CTO - Innovation Strategy Consultant,not_strong
9119b7eeb4811616,Wipro,CTO - Quantum Consulting - Senior Consultant,not_strong
6dd42cafaae86bec,Wipro,CTO - Quantum Engineering - Architect,not_strong
cca792f18aead516,Wipro,CTO - Strategy Consultant,not_strong
3c0650bbda59f717,Wipro,"Client Partner, Capital Markets (NY/NJ)",not_strong
3903c6b135df0338,Wipro,Commercial Strategy & Loyalty Model Lead,not_strong
2b1320084bfcfae4,Wipro,"Consulting Partner, Finance and Transformation, DACH (M/F/D)",not_strong
a1c217b5ca45765f,Wipro,Customer Support associate- Financial,not_strong
34aceac1b75ebc56,Wipro,Cybersecurity & Risk Services (CRS) Director - For Financial/Banking,not_strong
e20cacdca55e1867,Wipro,Data Analytics L1(CONTRACT),not_strong
0a0e356ba8d2016a,Wipro,"Data Operations, Investment Data Management",not_strong
e81d687df9c27d8f,Wipro,EPM - Enterprise Performance Management,not_strong
3fdb3affcdcec3b4,Wipro,Executive - Analytics L1 1,not_strong
433967fba9f6bd95,Wipro,Finance Pricing Executive,not_strong
9ef306f6d0a0e98d,Wipro,Finance Subs Controllership,not_strong
ed933f9a17392521,Wipro,Financial Planning and Analysis,not_strong
23d947ea795fa5ed,Wipro,Fusion Finance Functional,not_strong
6ea83ba47cd1f7d5,Wipro,Infor M3 - Functional Consultant (Finance),not_strong
4bbea3b8fb10d43a,Wipro,Network Security - BUSINESS ANALYST L3,not_strong
c1939de8d06aab20,Wipro,New Business Development Executive/Hunter- Capital Markets,not_strong
d11912ee0b0a117e,Wipro,Oracle Cloud SME - Data Conversion & M&A Integration Lead,not_strong
5cad45eb0190bafb,Wipro,"Partner - Energy, Natural Resources & Utilities Consulting (m/f/d)",not_strong
217bc2ab39220d30,Wipro,Partner - Finance Strategy & Transformation Consulting (S/4 Hana),not_strong
dca2b557540214c2,Wipro,Quantum Senior Researcher and Consultant,not_strong
6b3fbc0567808d32,Wipro,SAP Analytics cloud,not_strong
c3a884085d410709,Wipro,Senior Manager - Finance Transformation Consulting (Process Intelligence),not_strong
3a1d70510e2893cd,Wipro,Sr Business Analyst (Axiom),not_strong
fa544b05eea2a9a5,Wipro,Sr Business Analyst (Data Transformation),not_strong
e79266c0624f76b5,Wipro,Sr Business Analyst (Murex/Credit Risk),not_strong
df5250d6e18a8b65,Wipro,Sr. Tax & Financial Reporting Specialist with IT/SP/FR,not_strong
f3aae7de36b4216a,Wipro,Technical Business Analyst - CNAPP,not_strong
b887ebf69c65364f,Wipro,Technical Lead - Microsoft Dynamics 365 Finance & Operations,not_strong
7782bf823a954799,Wipro,Techno Functional Consultant Infor M3 Finance,not_strong
a65d493fbbd59739,Wipro,UK Banking Specialist,not_strong
bd82d6b93ac9248a,GSK,Finance Partner – Cyber Security,not_strong
4a37674b3e760b03,GSK,"Global Congress Strategy Director, ID/Early Assets",not_strong
42c893ab924d6f83,GSK,Safety Scientist – SERM (Safety Evaluation and Risk Management),not_strong
0a7a7adb76df28ca,GSK,"Senior Director, Portfolio Integration Lead",not_strong
de197065f7ec5acc,European Bank for Reconstruction and Development,"Associate Director, Deputy Head Egypt, Financial Institutions",not_strong
361e5f2543d40551,Volvo Group,Commodity Buyer Electronics & Electromechanics,not_strong
3f2c64f75c81db61,Volvo Group,ExcelHER - Senior Finance Executive,not_strong
60d746902649d71f,Volvo Group,M&A Investment Director,seniority:above_target_extreme
a9906b059b466249,Volvo Group,Operations Specialist at Volvo Financial Services (maternity cover),not_strong
2ab6bd72f7d40b22,Volvo Group,Senior OT Network & Systems Engineer - Battery Energy Storage Systems - Volvo Energy,not_strong
44580e9c5503aa2e,Volvo Group,Stage - HR Analytics,not_strong
ca73af47635cbe58,Volvo Group,Technical Learning Portfolio Owner,not_strong
cb6b734e1fec7316,Volvo Group,Territory Manager Volvo Financial Services Eskilstuna,not_strong
7ba3d67f1143d484,A.P. Moller - Maersk,Product Controller,not_strong
b690cd841c49df67,A.P. Moller - Maersk,Senior Network Analytics Engineer,not_strong
f943b82aacd5a534,Holcim,(Junior) Treasury Specialist (m/w/d),not_strong
beb49ea17d0388cf,Holcim,Chief Financial Officer Austria & Slovenia,not_strong
b62358dcfacf3214,Holcim,Energy Analyst,not_strong
cc24b95b223e577d,Raiffeisen Bank International,AI Engineer for Corporate & Investment Banking (f/m/x),not_strong
f97b3decd47f6845,Raiffeisen Bank International,Director - Fund Finance (f/m/x) - in London (UK),not_strong
14a8d1e6a9a8f2c7,Raiffeisen Bank International,ESG Data Analyst (f/m/x),not_strong
a9aa983fbda23854,Raiffeisen Bank International,SEO/GEO Content Strategy Manager (f/m/x),not_strong
7290f58aa9f9c9e0,Raiffeisen Bank International,Sales Support (f/m/x) - Cash Management Financial Institutions,not_strong
6eb3fff47d966198,Raiffeisen Bank International,Student Job (f/m/x) - Agile Delivery Market Risk & Balance Sheet Risk (25 h/week),not_strong
a83a3044297b493d,Munich Re Group,MGA Financial Accountant (FTC),not_strong
36fb65cd240cbb34,Aviva,Derivatives Regulatory Senior Reporting Manager,not_strong
ede29493d776f105,Aviva,Private Markets Product Strategy Consultant,not_strong
75c1f09b7e03a36c,Amwell,Lead FP&A Analyst,not_strong
0bb650ea18286d6b,Lloyds Banking Group,Business Development Manager - Embedded Finance,not_strong
be4cd8494d9dce71,Lloyds Banking Group,"Chief of Staff / EA to the CEO, Insurance, Pensions & Investments",not_strong
ebfd7eed2a243d4f,Lloyds Banking Group,Senior Manager Business Development – Embedded Finance,not_strong
6603f34c9d01b8d9,Lloyds Banking Group,Transaction Banking Product Manager (FTC/Secondment),not_strong
5a53cad6e5bf8781,Continental,Bachelor Business Economics ab 01.09.2027 (m/w/d) - Tires,not_strong
59746afcacb3958e,Continental,Industrieversicherungsspezialist Financial Lines (m/w/divers) - REF41366M,not_strong
831e163dce37d342,Continental,"Manager Tax Reporting, Risk Management & Technology ContiTech (m/f/diverse) - REF92635Y",not_strong
6d38c6716206801d,Continental,"Manager Tax Reporting, Risk Management & Technology ContiTech (m/w/divers) - REF92635Y",not_strong
29c459cd630cfe7d,Continental,"Senior Manager Tax Reporting, Risk Management & Technology ContiTech (m/w/divers) - REF92559A",not_strong
370e60ccb85f326e,UNIQA Insurance Group,Investment Data & Operations Expert - SimCorp Dimension (m/w/d),not_strong
ed5335aa30fad741,Vontobel,"Business Analyst, E-Banking (80-100%)",not_strong
5ce8157e6bfd8922,Vontobel,Senior Pension Solutions Specialist / Stv. Teamleiter (80–100 %),not_strong
3fc8b93346b8030f,Bosch,Controller (w/m/div.),not_strong
708578558dc4c8fc,Bosch,Financial Analyst Graduate,not_strong
c14d5d2911488561,Bosch,Junior Managers Program (Trainee) - Start your Leadership Journey in Business Intelligence & Analytics,not_strong
c04c3bb1cdb93b5b,Bosch,Junior Managers Program (Trainee) - Start your Leadership Journey in Controlling,not_strong
0f53d769266dfff3,Bosch,Junior Managers Program (Trainee) - Starte deine Leadership Journey im Bereich Business Intelligence & Data Analytics,not_strong
4955d434ea07247b,Bosch,Junior Managers Program (Trainee) - Starte deine Leadership Journey im Bereich Controlling,not_strong
b38fa66903daa2fc,Bosch,Kaufmann/ Kauffrau im Projektcontrolling (w/m/div.) - befristet für 12 Monate,not_strong
487585907d47cc46,Bosch,Pflichtpraktikum Customer Strategy & Experience – Technisches Akquisitionsmanagement (w/m/div.),not_strong
e317fd77c5c43823,Bosch,Pflichtpraktikum Financial Accounting - General Ledger,not_strong
b3b4386254380ea7,Bosch,Pflichtpraktikum Logistik - Schwerpunkt Data & Analytics,not_strong
c74bb2fa2ad10ad1,Bosch,Pflichtpraktikum Zentralcontrolling,not_strong
a493d006eb02db21,Bosch,Pflichtpraktikum im Bereich KI-Portfolio & Wissensmanagement,not_strong
464961465143fc21,Bosch,Pflichtpraktikum im Bereich Real Estate Portfolio Management,not_strong
0c8f972cbe85dcae,Bosch,PhD: Surface Physics and Computational Analytics for Thin-Film Microstructure Characterization,not_strong
26a2726fa98d206f,Bosch,Praktikum Data Analytics in der Logistik,not_strong
f74e75be544d8dbf,Bosch,Praktikum KI-System-Entwicklung und Data Analytics im Supplier Quality Management,not_strong
03e061356278a838,Bosch,Praktikum im Bereich Marketing und Business Strategy,not_strong
643264e6baa069c8,Bosch,Praktikum im Bereich Sales Controlling Motorsport (w/m/div.),not_strong
2b80b31ba562a0cd,Bosch,Praktikum im Projektcontrolling/-management,not_strong
badec77cd3a637e4,Bosch,Praktikum in der Logistik - Data & Analytics,not_strong
e5abe4386845a22f,Bosch,"PreMaster Program - Management Assistance in FC Area, Focus Controlling",not_strong
e44b379b9a533900,Bosch,PreMaster Program Financial Controlling & Purchasing (w/m/d),not_strong
78d6d8b724abc863,Bosch,PreMaster Programm - Junior-Controller-/in im Fertigungscontrolling der Halbleiterfertigung (w/m/div.),not_strong
031d990d5486ed67,Bosch,PreMaster Programm - Produktcontrolling,not_strong
691a25378c8608e2,Bosch,"PreMaster-Programm – Managementassistenz im FC-Bereich, Schwerpunkt Controlling (w/m/div.)",not_strong
836d74e6052f10c1,Bosch,Promotion im Bereich Quantenforschung - Entwicklung eines hochsensitiven NV-Diamant-Magnetfeldsensors (w/m/div.),not_strong
a7da78ddf8aa5084,Bosch,Sales Controller (w/m/div.) - befristet,not_strong
14ed853f26f4a643,Neuberger Berman,Specialty Finance Senior Associate,not_strong
3e969d190229f73a,Vitol,Developer & Business Analyst - Trading Systems,not_strong
8f466afe6f9143c2,ING Group,Associate / Vice President Acquisition Finance – DACH & Benelux (f/m/x),not_strong
31afa6724107aef8,ING Group,Change Expert/Business Manager Investments (w/m/d) Tribe Make Your Money Grow,not_strong
f8833864defe0196,ING Group,Director Transaction Services Sales – Card Sales (w/m/d),not_strong
364b9fedfadb2ee2,ING Group,Investment Strategist / Financial Communicator (w/m/d),not_strong
d3b3263d7069f1a2,ING Group,Legal Expert Wholesale Banking (w/m/d),not_strong
f3c286f14daddf28,ING Group,Praktikant Real Estate Finance Coverage Banking (w/m/d),not_strong
d557bf8036452acf,ING Group,Praktikant Transaction Service Sales – Wholesale Banking (w/m/d),not_strong
da8287293207ef4f,ING Group,Product Area Lead Analytics (w/m/d),not_strong
15b9d6a530eedebc,ING Group,Projektmanager Business Development – Wholesale Banking (w/m/d),not_strong
f4c7887859cbc284,ING Group,Senior Software Engineer (Backend-Java) – Business Banking Cards (w/m/d),not_strong
a6f207251f17600d,ING Group,Trainee im Junior Expert Programme – Finance (w/m/d),not_strong
499a0d3021c47a24,Shell,Energy Analyst,not_strong
8f23c2b4e4e0eaa1,Jupiter Fund Management,Head of Investment Management Controls,not_strong
8ce1fa815ca4dc87,Jupiter Fund Management,Head of Investment Risk,not_strong
b83a720341b30c7d,Jupiter Fund Management,Interim Investment Operations Oversight Analyst (9 month FTC),not_strong
55ead527861c7f05,Jupiter Fund Management,Senior Compliance Officer (Financial Promotions / Marketing),not_strong
1cdcb0d384f9e803,Jupiter Fund Management,Senior Compliance Officer (Investment Compliance with Coding),not_strong
3a8bf00aa05c17e4,Neste,Finance Trainee (hourly employed),not_strong
d9660deb078a93d6,Neste,Head of Global Financial Services,not_strong
9012e06cfc571d95,Statkraft,Analyst/Senior Analyst - Clean Energy Technologies,not_strong
299b143d869efcc0,Statkraft,"Senior Manager, Corporate Strategy",not_strong
0bd9009d8faef7a4,Statkraft,Werkstudent*in / Work Student – New Business & Portfolio Management (m/w/d),not_strong
4002dac455476302,Vattenfall,Commercial Manager (18-month temporary position),not_strong
2d0c4373a3df28a1,Vattenfall,Financial Business Partner / Business Controller,not_strong
628c2a0736f727d8,Vattenfall,Senior Business Controller,not_strong
3584a76ec55196ab,Vattenfall,Senior Commercial & Contract Manager - Offshore Wind,not_strong
ac84cac2e7f8fc42,D. E. Shaw,All Positions in Quantitative Strategies,not_strong
5d6dce8d59477606,D. E. Shaw,Alternative Data Analyst,not_strong
2ad2797ed6024cd8,D. E. Shaw,DESIM Portfolio Management & Implementation Associate,not_strong
812149e4788e1607,D. E. Shaw,DESIM Portfolio Strategist Associate,not_strong
bfa8854b8825582f,D. E. Shaw,Financial Analysis & Reporting Associate,not_strong
f23741cb46f88345,D. E. Shaw,Financial Analysis & Reporting Senior Manager,not_strong
94eb4dcbd7e0574e,D. E. Shaw,Fundamental Analyst – Convertible Arbitrage Strategy (Singapore),not_strong
6ec0860c40436ae7,RWE,"Controller d/f/m Corporate Controlling, MSF & HR Controlling",not_strong
390b2df08df8ef3a,RWE,Portfolio Execution & Build Transfer Agreements Associate,not_strong
0677cdb450153489,RWE,"Senior HR Controller d/w/m Corporate Controlling, MSF & HR Controlling",not_strong
7b316e6844864536,RWE,Werkstudent:in Visiting Consultant HR Strategy d/w/m,not_strong
0d4426503fea9aba,Capital Group,Investment Information Writer Senior - 20189181,not_strong
b83e1e0d129d1ed0,Capital Group,Portfolio Guideline Analysis - Analyst,not_strong
d02a3dc7717e0192,Mutares,AI Expert – Digital Transformation in Private Equity (m/f/x) - Italy,not_strong
05158d0366b830ae,Mutares,AI Expert – Digital Transformation in Private Equity (m/f/x) - Midwest US,not_strong
dc224bfa69d8a99d,Mutares,AI Expert – Digital Transformation in Private Equity (m/f/x) - Nordics,not_strong
09421c20cf174023,Mutares,Manager / Senior Manager / Associate Director Finance Transformation (m/f/x) - Midwest US,not_strong
8221c99a4dbfb295,Mutares,"Manager/Senior Manager Group Finance - Reporting, Consolidation &amp; Portfolio Management (m/f/x) - Munich",not_strong
996882277a68f40d,Mutares,Senior Associate / Manager Tax (m/f/x) - Germany,not_strong
47683c81f87dea4c,Mutares,Senior Associate/Manager Finance Transformation (m/f/x) - German Speaking,not_strong
522be61efae97aec,Mutares,Senior Associate/Manager IFRS Financial Reporting Integration (m/f/x) Germany,not_strong
5a519f8e0f117586,Mutares,Senior Manager Finance Transformation (m/f/x) - Germany,not_strong
f410211b55fd5509,Mutares,Senior Manager/Associate Director - Supply Chain (m/f/x) - Germany,not_strong
5e2e4b0a86c02797,Mutares,Senior Manager/Associate Director - Supply Chain (m/f/x) - Midwest US,not_strong
c8a9d818f35537f8,Mutares,Senior Manager/Associate Director Commercial Excellence (m/f/x) - Midwest US,not_strong
de11df6a5c7f4991,Mutares,Senior Manager/Associate Director Finance Transformation (m/f/x) - Poland,not_strong
1511897040f53d4e,Mutares,Senior Manager/Associate Director Process Engineer (m/f/x) - Midwest US,not_strong
85334d86dd592484,Mutares,Senior Manager/Associate Director Procurement (m/f/x) - Germany,not_strong
c596b43f71b3f93a,Mutares,Senior Manager/Associate Director Procurement (m/f/x) - Midwest US,not_strong
82954437c7fba9ca,Mutares,Senior Manager/Associate Director Restructuring &amp; Transformation (m/f/x) - Midwest US,not_strong
60529bbfa7fd7267,Mutares,Senior Manager/Associate Director Restructuring &amp; Transformation (m/f/x) – Germany,not_strong
c6bb3086ec191c4d,Intermediate Capital Group,Investment Compliance Director,not_strong
8650547ce3349a28,Intermediate Capital Group,"Vice President, Group Finance – Investments (Valuation & Financial Control)",not_strong
6b909ac398c1a896,Intermediate Capital Group,"Vice President, Investment Operations",not_strong
2b6adaf592cbbf80,Intermediate Capital Group,"Vice President, PEFI (Private Equity Fund Investments)",seniority:above_target_extreme
e92b157eb6a21680,Ares Management,"Analyst, Real Estate Asset Management",not_strong
c37253f29b5d98e9,Ares Management,"Associate, Investment Operations",not_strong
8e13eaf7871562e6,Ares Management,"Associate, Real Estate Asset Management",not_strong
1b0e0244638c894b,Ares Management,"Associate, Real Estate Asset Management Operations",not_strong
354cbd17ad01e22e,Ares Management,"Senior Associate / Vice President, Real Estate Equity Asset Management",not_strong
1364e31d65fa68ee,Ares Management,"Senior Associate, Digital Infrastructure Portfolio Management",not_strong
ca5e124d43aef792,Ares Management,"Senior Associate, European Real Assets Debt Capital Markets",not_strong
a62f0f77147d22e4,Ardian,Fund Finance - Secondaries & Primaries Analyst | Germany,not_strong
9706cd6603ddc18e,Partners Group,Associate - Private Credit Investment,not_strong
64bc2a73e9f478c2,Partners Group,Financial Analyst / Associate (REAL Directs),not_strong
c0eee6bd219b1d23,Partners Group,Investment Leader (INFRA Directs),seniority:above_target_extreme
f347e4df9ab4c0fc,Partners Group,Investment Tax Counsel - London or Zug,not_strong
160d949e95648109,Partners Group,Qlik Sense Developer - Data Analytics | 12 months Contract,not_strong
0947f32ab53dd26f,Partners Group,Quantitative Analyst,not_strong
a76dcb18d84e91ea,Partners Group,Quantitative Risk Manager,not_strong
809270c26f3f0444,Partners Group,Senior Counsel / Senior Investment Fund Lawyer,not_strong
d81fa3da37a2b16d,Partners Group,Senior Investment Funds Counsel,not_strong
d155e8f21597ebe3,Partners Group,Senior Investment Structure Professional,not_strong
71336ef27ac8a9a2,Capco,(Junior) Consultant - Capital Markets,not_strong
f1184c5f8541f2ef,Capco,(Senior) Consultant* - Murex/Capital Markets,not_strong
abb98d3415f51a81,Capco,AI Business Analyst - Glasgow/Edinburgh,not_strong
040c29192f1c323a,Capco,AI Business Analyst - Wealth & Asset Management,not_strong
8a036d180a8ad0dd,Capco,AI Strategy & Transformation – Managing Principal,not_strong
2504680d61785442,Capco,Applied AI & Analytics - Principal Consultant,not_strong
2ac8de8ce0adcad1,Capco,Avaloq Business Analyst / Project Manager,not_strong
bd890abbbc175647,Capco,Business Analyst - Commercial and Specialty Insurance,not_strong
acea3e26e5ba4fda,Capco,Business Analyst - Data Management,not_strong
a572af1c5bacc792,Capco,Business Analyst – Wealth & Asset Management,not_strong
8181cf09aa51dfd7,Capco,"Business Analyst, Capital Markets - Glasgow",not_strong
d72cd392b3a6650c,Capco,Business Strategy & Transformation Consultant – Commercial & Specialty Insurance,not_strong
2499d26f2a9729f0,Capco,Data & AI Strategy Consultant - Manager/Senior Manager,not_strong
644165deff255c77,Capco,Data Analyst with German language,not_strong
cbf37eea9f09153d,Capco,Data Modeler – Financial Services,not_strong
e02fe70fddc6d260,Capco,Data Strategy & Advisory Leader (Managing Principal),not_strong
97ca03462084dbbd,Capco,Data Strategy & Advisory Leader - Banking & Payments,not_strong
2797ebc5a49c26e7,Capco,Data Strategy & Advisory Leader - Insurance,not_strong
f2b5f90d5a5f27e3,Capco,Financial Risk Principal Consultant (Senior Manager),seniority:above_target_extreme
6b964e983b011d45,Capco,Lead Data Analytics Consultant,not_strong
cb3c3985e93aa9de,Capco,Management Consultant - Finance Transformation,not_strong
163f3805e0013659,Capco,Management Consultant - Non-Financial / Operational Risk,not_strong
2f35fbad97baa458,Capco,Management Consultant: Data Analytics Lead – Managing Principal (Director),not_strong
343173c11bee4328,Capco,"Managing Principal (Director) - Financial Crime Transformation - AML Investigations, Sanctions & Fraud",not_strong
cbd261306e628d57,Capco,Managing Principal (Director) - Trade & Transaction Reporting,not_strong
22eb0b86c6a38dfe,Capco,Principal Consultant (Senior Manager) - Finance Transformation,not_strong
e2803acd33d3b806,Capco,Principal Consultant (Senior Manager) - Non-Financial / Operational Risk,not_strong
f1e191062ba13ba1,Capco,Principal Consultant (Senior Manager) - Trade & Transaction Reporting,not_strong
66dff2493d017d89,Capco,Project / Programme Manager - Financial Services,not_strong
48196c463909dda2,Capco,Senior / Principal Consultant* – Business Functional Analyst Reporting & MIS (Private Banking),not_strong
4eed2050e8f68d67,Capco,Senior Business Analyst* – Wealth Management & Advisory Platforms,not_strong
e8eb45fcbac6a0a5,Capco,Senior Data Analytics Consultant,not_strong
8c34fb408ffd6764,Capco,Senior IT Business Analyst (m/w/d) in der Finanzdienstleistungsberatung,not_strong
7a11f3a567984644,Capco,Third Party Risk SME - Banking - 6 Month FTC,not_strong
ed15da8d0b618ea9,Capco,Third Party Risk SME | Banking,not_strong
7db590f6ed756fc3,Capco,Trade & Transaction Reporting Business Analyst / Project Manager,not_strong
f4308cfc5c0e32fc,Capco,Trade and Transaction Reporting Business Analyst / Project Manager,not_strong
41c84d8d884b7b0d,zeb consulting,(Senior) Compliance Consultant in the financial sector (f|m|x),not_strong
3e58183dca1e355b,zeb consulting,(Senior) Consultant Retail Banking - Regional Banks (w|m|d),not_strong
5c00718b5a9188df,zeb consulting,(Senior) HR Strategy Consultant | Financial Services (w|m|d),not_strong
fa6279a294c022df,zeb consulting,Associate Consultant / Consultant Financial Services (f|m|x),not_strong
2967e1143a13a7b6,zeb consulting,Consultant - Capital Markets in DACH with German skills (f|m|x),not_strong
a5723b0f1e43f60c,zeb consulting,Consultant - Digital Transformation and IT Strategy (f|m|x),not_strong
af26075b2810b2f4,zeb consulting,Consultant - Regulatory Reporting & Accounting (Banking) - German speaking (f|m|x),not_strong
2f5abc7f5a160fc7,zeb consulting,Consultant - quantitative Methoden & Strategy (w|m|d),not_strong
c6f693152ea1e8e7,zeb consulting,Consultant - quantitative Methods & Strategy (f|m|x),not_strong
11ebada7b6b5ac14,zeb consulting,Consultant / Business Analyst (Senior) (w|m|d) | findic,not_strong
3ef36c097d58a9cb,zeb consulting,Consultant Banking & Finance (f|m|x),not_strong
00c151707b219963,zeb consulting,Consultant Banking & Finance (w|m|d),not_strong
66588568cbc445c7,zeb consulting,Consultant Finance & Risk (f|m|x),not_strong
6d3c149ed60406f2,zeb consulting,Consultant Finance & Risk (w|m|d),not_strong
42952cf9240a49d4,zeb consulting,Consultant IT Strategy and Transformation - German speaking (f|m|x),not_strong
6022ef079acfeb63,zeb consulting,Management Consultant Banking & Innovation (f|m|x),not_strong
f0d70d5ba5a54f87,zeb consulting,Manager IT Transformation & Strategy - Insurance (w|m|d),not_strong
f1b53e39de8b5a26,zeb consulting,Manager Strategie & Transformation - Financial Services (w|m|d),not_strong
6611af47c4811301,zeb consulting,Mathematiker / Physiker als Softwareentwickler Quantitative Methoden (w|m|d),not_strong
c0c723a1bb72a6a6,zeb consulting,Research Consultant Banking (w|m|d),not_strong
19a4f4071dd4e367,zeb consulting,Senior Consultant / Manager - Finance & Risk (w|m|d),not_strong
cc34c642a58319a9,zeb consulting,Senior Consultant / Manager - Risk Management (Liquidity and Market Price Risk) (f|m|x),not_strong
82621dc4618ed44d,zeb consulting,Senior Consultant / Manager - Risk Management (Liquiditäts- oder Marktpreisrisiko) (w|m|d),not_strong
7d8f1e08f2a383d7,zeb consulting,Senior Consultant / Manager IT Transformation & Strategy (w|m|d),not_strong
5434de021d95ab49,zeb consulting,Senior Consultant Finance & Risk - ESG im Risikomanagement / ICAAP (w|m|d),not_strong
db55d2c5404bc172,zeb consulting,Senior Consultant Non-Financial Risk & IKS (w|m|d),not_strong
d4b3019a131d4fc7,zeb consulting,Senior Manager - Operational Excellence - Banking (w|m|d),not_strong
16aae4a6134a3813,zeb consulting,Strategy Consultant - Capital Markets & Securities Transformation (w|m|d),not_strong
1fa6d4217c143e4e,zeb consulting,Strategy Consultant Banking & Insurance (w|m|d),not_strong
a1d8c2e06f2cde4d,zeb consulting,Werkstudent Finance & Controlling (w|m|d),not_strong
90ab781894804dfa,zeb consulting,zeb x Future Skills Finance & Consulting,not_strong
57bf4eb3516a6523,AlixPartners,Corporate Finance & Capital Advisory - VP,not_strong
c0c0e75faa1e5117,AlixPartners,Management Berater:in - M&A and Transaction Advisory – Sell- & Buy-side (m/w/d),not_strong
1cd6e1de283a473b,AlixPartners,Management Berater:in - Post Merger Integration und Value Creation (m/w/d),not_strong
28ee1e7cc6005499,AlixPartners,Management Berater:in - Turnaround & Restructuring (m/w/d),not_strong
ccbd15670795ca5e,AlixPartners,"Praktikum im Consulting - Risk, Compliance, Investigation, Disputes, Economics (m/w/d)",not_strong
1b23a38b6c4afeb1,AlixPartners,Turnaround & Restructuring - Creditor Advisory Director,not_strong
55760aa702d3cf86,AlixPartners,Turnaround & Restructuring - Vice President,seniority:above_target_extreme
8cf568a12fb210fb,AlixPartners,Turnaround & Restructuring – Company Side Director,seniority:above_target_extreme
dc2ca9de0bd8710c,AlixPartners,Turnaround & Restructuring – Senior Vice President,seniority:above_target_extreme
b2d8a9a01c92daf8,Liv Frøvold,Project Controller,not_strong
9e3b021598443c28,NHH Norwegian School of Economics,PhD Research Scholar positions - Department of Finance,not_strong
0ad4f38ba6fb329e,NHH PhD Programme,PhD Research Scholar positions - Department of Finance,not_strong
81bce6f7fb5e4a5d,ARM (Advanced Resource Managers),Databricks Lead Engineer,not_strong
dbaa36c4e845d5b4,Adecco,"Identity & Access Management Operations Analyst, VP",not_strong
c59a91de515ec6e5,Atrium Workforce Solutions UK Limited,Content Designer - London,not_strong
c2a607e460cf6e53,CBS Butler,Mechanical Project/Contract Manager,not_strong
9be01aef33002cd4,EMEA resourcing,Infrastructure Engineer/VMware/IAM/Cisco-Meraki OR Nexus,not_strong
30f534df2e4ed30c,Lorien,AI Agent Developer,not_strong
f33bc6c6d40a7969,Lorien,AI QA Tester,not_strong
22d7151b34b788bf,OCS Resourcing,Technical Support & Business Analyst (1st & 2nd Line),not_strong
d3d6b9e964c0f0b4,Opus Recruitment Solutions Ltd,Finance Transformation Lead,not_strong
df07aed75ee28319,Spencer Rose Ltd,Senior Data Architect,not_strong
86e361b20e78f7b3,TEKsystems,Prudential Regulatory Reporting,not_strong
ac216dd5a6f461e2,Uniting People,Automation Engineer - Banking - SC Clearance,not_strong
61a3ac6296b75c9b,Uniting People,Project Manager - Banking - SC Clearance,not_strong
b46b672a9a8055c4,Ikm Gruppen AS,Document Controller,not_strong
e355562e11353db1,ARC IT Recruitment,Lead Solution Architect,not_strong
11cfa23563033a59,ARC IT Recruitment,Solution Architect,not_strong
9908ed2c94287e14,Context Recruitment,Technical Solutions Architect,not_strong
63f43e5b60faf69b,Employer not stated,DBA/Data Modeller,not_strong
3e095d643c501c9c,Employer not stated,Senior IT Cyber GR&C Analyst,not_strong
66d314440df2e55c,Hays Specialist Recruitment,Research Operations Lead,not_strong
7d290cef24c494c1,Hays Talent Solutions,Capacity Manager,not_strong
d08d8fe5c580b6f0,Penguin Recruitment,Planning Director,not_strong
b3f5d0cf9586661f,SKILLFINDER INTERNATIONAL,AML/KYC Consultant,not_strong
d7c1a1dd768addd7,Scot Lewis Associates Ltd,Transaction Monitoring Manager,not_strong
f42ac28756b5dc53,Triad Group Plc,Security Architect,not_strong
219863e0b8930e9d,Vallum,Deputy Head of Information Systems - UK Energy Management,not_strong
1dfe5692bf46f702,Employer not stated,"Embedded Linux Developer (Audio), Tampere",not_strong
dd4c3ebbcb72becd,Employer not stated,MV Component Design Engineer,not_strong
7312b7904735f945,Employer not stated,"Production Test Engineer, Hyvinkää",not_strong
0967e2f47b625777,"Johtava yritys alalla Taloushallinto, rahoituspalvelut ja kirjanpito",Finance Process Development Specialist (Netsuite),not_strong
c9fef13bcc97d6d6,Aarhus Universitet,"Forskningskonsulent til ledelsessekretariatet, Institut for Kultur og Samfund, Aarhus Universitet",not_strong
d3cf5b3393b71b96,Akademikerne,Cheføkonom og analysedirektør til Akademikerne (AC),not_strong
d420c5b5142c31dc,Børne- og Undervisningsministeriet.,Studentermedhjælper med interesse for økonomi og uddannelsespolitik,not_strong
7a0d01f555c5d69d,Det kongelige danske musikkonservatorium,Ambitiøs fuldmægtig til arbejde med statslig økonomistyring og finansiel controlling,not_strong
9f1eb63342c8507c,Fagbevægelsens Hovedorganisation,Student til Politik og Analyse,not_strong
cd50acaa5e6ed297,Forsvarsministeriet,Juridisk kontorchef til Forsvarsministeriet,not_strong
01d3270bfc03a56a,HBS Economics,Student til HBS Economics,not_strong
3bec3731b9f0571c,Medarbejder- og Kompetencestyrelsen,Student til Center for Analyse i Medarbejder- og Kompetencestyrelsen,not_strong
664f386abb01a752,SOSU H,Resursedirektør til SOSU H,not_strong
1ef6c2d6baa4d611,Slagelse Gymnasium,Bliv økonomi- og administrationschef på Slagelse Gymnasium – et dynamisk ungdomsmiljø fyldt med energi,not_strong
e72f60523d0b493b,"Styrelsen for Fødevarer, Landbrug og Fiskeri",Dygtig økonomipartner til Fødevarestyrelsen,not_strong
af0cab74b093a31d,Crashpoint Skadecenter ApS,Autolakerer s&#xF8;ges til et erfarent team hos Crashpoint Skadecenter i Vejle,not_strong
b7ea4c0e67451c28,ADECCO SWEDEN AKTIEBOLAG,Senior Controller till Thermo Fisher Proteomics Sciences (Olink),not_strong
8c6454df48202fde,ADECCO SWEDEN AKTIEBOLAG,Vi söker en Financial Controller till vår kund i Göteborg,not_strong
31de27f929343f98,Aiming Executive AB,Group Financial Controller till Sertion,not_strong
5e4c79325ab38acc,Alleima AB,Business Control Manager,not_strong
21e96d29b5fb846e,Arla Foods AB,Customer Finance Business Partner - Solna,not_strong
7d0427021e018521,Asta Agency AB,Business Controller till MedHelp Care,not_strong
25b4a38387a83d01,Avanzera AB,Financial Controller - långt uppdrag,not_strong
d1239c55e08c29b1,Avarn Security AB,Junior Business Controller till Avarn Security Sverige,not_strong
62364ba7ba60104f,BAE Systems Hägglunds Aktiebolag,Project Controller till våra kundprojekt,not_strong
331a67e6f6c2f915,Bama Foods AB,Business Controller på Bama Fresh Cuts AB,not_strong
20e024c2c0ed5cd4,Bronn AB,Finance Deployment,not_strong
f8e06a07af43f36f,Candela Technology AB,Accounting Manager,not_strong
325865aa37e39670,Capega AB,Group Financial Controller till börsnoterat bolag,not_strong
e93db0139704bf7a,Committo AB,Finance Business Partner Northern Europe to KUKA Nordic,not_strong
19f32ef19886bd06,Ctek Sweden AB,Senior Redovisningsekonom/Group Accountant,not_strong
55717bdd29577e2f,Devotum AB,Project Business Controller | Konsultuppdrag i Västerås,not_strong
c85261d1c28cec45,FAGERHULTS BELYSNING AKTIEBOLAG,Financial Controller - Capelon AB,not_strong
f8da7b8f9a7ed09c,Flexit Sverige AB,Redovisningsansvarig till Flexit Sverige AB,not_strong
56dc94f926f1fcd3,GeoGuessr AB,Business Controller / Accounting Manager,not_strong
37440e1409eab434,Incluso AB,Finance Business Partner,not_strong
ecffc186e6b4ebde,Jerrie AB,"Business Controller till Space Production AB, Göteborg",not_strong
20efdf3d5056cadf,Jerrie AB,"Business controller till Platzer, Göteborg",not_strong
9138cd1cbb3aa59d,M.R Partner AB,Finance Business Partner – konsultuppdrag i Göteborg,not_strong
479dce4a02e3a4f1,MERITMIND AKTIEBOLAG,"Finance Business Partner, Göteborg",not_strong
3259159fd54848b5,Mpya Finance AB,Finance Manager Nordics to Glenmark Pharmaceuticals Nordic AB,not_strong
b3ce72dda3f08d88,MultiMind Holding AB,Corporate Accountant to Wella,not_strong
ac5da291ebc662d8,NKT HV Cables AB,"Business Controller, Operations",not_strong
b1a19c91c7d498ee,NKT HV Cables AB,"Business Controller, Tender &amp; Projects",not_strong
ec73d98bff1abb12,Nexer Recruit AB,FINANCE MANAGER TILL INTERNATIONELL KUND,not_strong
7d853ac03a2dfc71,Novum Executive AB,Group Financial Controller till Awardit,not_strong
5245c5ef0e4dc089,Oddwork Sweden AB,Ekonom till Svenska Livräddningssällskapet Göteborg,not_strong
bf530068ed779ec3,People of Interim & Finance Sweden AB,Finance Manager internationell miljö,not_strong
771c4012e6e08172,People of Interim & Finance Sweden AB,Interim Business Controller,not_strong
8853c14efea74d7e,Perido AB,Finance Business Partner to automobile company in Gothenburg,not_strong
7c597c030a78396e,Polismyndigheten,Finansiell controller till polisregion Bergslagen,not_strong
3a2d39abb660959f,Q.R.T QARAT AB,Affärsdriven Controller med CFO-potential till AutomationsPartner,not_strong
fc4875c4b2c5d6d4,QRIOS AB,Financial Controller to Ascilion,not_strong
64a5a0b7f1a967d9,Qred Bank AB,Group Financial Controller,not_strong
56a214176346e45b,SCANIA CV AKTIEBOLAG,Business Controller,not_strong
caab4df421090166,Sector Alarm AB,Finance Manager,not_strong
d41ef3b70e4cc0ba,Skill Kompetenspartner AB,Junior Programme Financial Controller till stor industri i Trollhättan,not_strong
baf4d3c45af3a3a4,Statens Jordbruksverk,Avdelningscontroller,not_strong
4bd8d89cd934bb34,TARKETT AKTIEBOLAG,Production finance controller,not_strong
1f2eb66955f741e4,Uppsala kommun,Business Controller - Uppsala arenor och fastigheter,not_strong
c1f65292a38dbbfb,Vindex AB,Senior Financial Controller till Bankaktiebolaget Nordiska,not_strong
2335b3080978f970,Wikan Personal AB,Operativ controller med redovisningsprofil,not_strong
d5e7dd2111e3e757,Bostads AB Poseidon,Affärsområdeschef,not_strong
51f98e04966bd18e,Brainlab,Utesäljare,not_strong
75ade1a5d1429972,Bravura Sverige AB,ERP-konsult,not_strong
143017f57893dc11,Danske Bank,Kapitalförvaltare,not_strong
646c8d372e775312,Danske Bank,Kreditanalytiker,not_strong
87a43f9cf14539ea,Danske Bank,Privatrådgivare,not_strong
cc91679fc1e8512b,FRA,Analytiker,not_strong
1b9fe018c379d18a,FRA,IT-säkerhetsspecialist,not_strong
ec5764f327ecf9c3,Green Cargo AB,Financial controller,not_strong
389c6f4d09ff78ce,KONE Sweden,Analytiker,not_strong
900bf964706ea0cf,KONE Sweden,Tekniker,not_strong
8cc11fa92d05826d,Nytida AB,Verksamhetschef,not_strong
ba9bc27f495a6179,Region Gävleborg,Verksamhetschef,not_strong
7d5244b3ae132293,Region Västernorrland,Analytiker,not_strong
26d87a74845e15a1,SCANIA Aktiebolag,Financial controller,not_strong
3f0d00188366c58d,SCANIA Aktiebolag,System Architect,not_strong
42be153050d469a1,Sweco,testautomatiserare,not_strong
1530b52ec344830a,Säkerhetspolisen,Data-analytiker,not_strong
2e1daf7972b157b0,Toms Gruppen A/S,Producent,not_strong
69e8d5b895e8c838,Uppsala Kommun,Financial controller,not_strong
8f3d254a4ec3966f,VAROPreem,Financial controller,not_strong
17f9025c4a157171,Verisure,Financial controller,not_strong
1e272820bb8525be,Aspia AB,Off-cycle M&A Intern- Stockholm,seniority:below_target_extreme
ea0a8994ac0f4ff1,BRÖDERNA HANSSONS I GÖTEBORG EXPORT AKTIEBOLAG,Finance and Business Development Specialist with Focus on China,not_strong
c382579fc0a25d44,Capega AB,Treasury Specialist med systemintresse,not_strong
6d15b55efcfec50d,Gazella AB,Finance Manager to Öhlins Group,not_strong
a921b0753d8952a8,H & M Hennes & Mauritz GBC AB,Senior Software Engineer - Frontend (Portfolio Brands),not_strong
79327b86026619a2,Hero AB,Portfolio Sales Consultant till snabbt växande energiföretag!,not_strong
d88adb22fce5a90d,Hirely AB,Financial Controller,not_strong
607a1c2c7c7d72c4,Holdflight AB (publ),Group Financial Controller,not_strong
1a9b8659eba37f18,I-Ray IT Solutions AB,"Interim Unit Manager IT Infrastructure, Platform and Network",not_strong
ccc15bb4227e1a21,"NORDEA BANK ABP, FILIAL I SVERIGE","(Senior) Risk Expert (Climate Risk), Risk Models",not_strong
1e90b563ae7a2987,Nova Health Group AB,Financial Controller,not_strong
697494e9b790c3a4,RaySearch Laboratories AB (publ),Risk Manager - Cybersecurity,not_strong
28a45ec416eb38b0,SAAB AKTIEBOLAG,Risk & Resource Manager,not_strong
8ca34e029d0a9f99,Stegra AB,Financial Controlling Lead (Senior Financial Controller),not_strong
3c513082af4320a8,VÄSTERÅS KOMMUN,Risk- och försäkringscontroller,not_strong
45427a3f21a030bc,Employer not stated,Technical Business Analyst,not_strong
a67f70edcfba7ea1,Eidgenössische Finanzmarktaufsicht FINMA,47 Jobs für deine Suche,not_strong
d55f8f8ca8a8b2e1,Eidgenössische Finanzmarktaufsicht FINMA,49 Jobs für deine Suche,not_strong
844ac54e52af1f8b,"Institut für Erziehungswissenschaft, Universität Zürich",1 Job für deine Suche,not_strong
8312c280a83546c6,Kanton Solothurn,32 Jobs für deine Suche,not_strong
4ae5311f4f86c597,Kantonsspital Baden KSB,105 Jobs für deine Suche,not_strong
44595dbaca309eea,Kantonsspital Baden KSB,174 Jobs für deine Suche,not_strong
b06a0e96c12d09fc,Kantonsspital Baden KSB,1’148 Jobs für deine Suche,not_strong
b47641368c1ee17e,Kantonsspital Baden KSB,1’397 Jobs für deine Suche,not_strong
ae4b71d830a10deb,Kantonsspital Baden KSB,476 Jobs für deine Suche,not_strong
b7a88402465d88fc,NZZ Jobs,0 Jobs für deine Suche,not_strong
3e9519980453de53,Universität Basel,18 Jobs für deine Suche,not_strong
2364e7090156f5e3,Universität Luzern,136 Jobs für deine Suche,not_strong
59b9ff3c3e099de8,Universität Luzern,271 Jobs für deine Suche,not_strong
340f0cd0a7767526,Universität Luzern,50 Jobs für deine Suche,not_strong
f5af471dee96f3bb,"firmenprofil+ Home Office firmenprofil+ Merken 20.08.2026 Kanton Aargau Fachspezialistin / Fachspezialist Abwasserbehandlung, Industrie und Gewerbe 80 – 100% Kanton Aargau 5001 Aar",12 Jobs für deine Suche,not_strong
40de3c84d55dff42,firmenprofil+ Home Office firmenprofil+ Merken 21.08.2026 Bundesverwaltung stelle.admin.ch Gerichtsschreiber/-in Abt. II mit Hauptsprache Französisch Bundesverwaltung stelle.admin.,85 Jobs für deine Suche,not_strong
6bb18842afb1c682,firmenprofil+ Home Office firmenprofil+ Merken 21.08.2026 UMB AG System Engineer Microsoft und OnPrem Infrastruktur UMB AG 8604 Volketswil 21.08.2026 Festanstellung 80-100% Festans,45 Jobs für deine Suche,not_strong
2f7662601e93e8af,"firmenprofil+ firmenprofil+ Merken 21.08.2026 EY HR Operations Specialist EY 8005 Zurich 21.08.2026 Festanstellung 100% Festanstellung 100% 8005 Zurich At EY, you’ll have the chanc",20 Jobs für deine Suche,not_strong
e2bec1304d38f41d,firmenprofil+ firmenprofil+ Merken 21.08.2026 Kanton Aargau Lehrstelle als Zeichnerin / Zeichner EFZ Fachrichtung Ingenieurbau Kanton Aargau 5001 Aarau 21.08.2026 Lehrstelle 100% L,113 Jobs für deine Suche,not_strong
bd3d1ab75f32bbe6,firmenprofil+ firmenprofil+ Merken 21.08.2026 Kanton Aargau Praktikum im Bereich Hydrometrie & Gewässernutzung 80 - 100% Kanton Aargau 5001 Aarau 21.08.2026 Praktikum 80-100% Prakt,63 Jobs für deine Suche,not_strong
073fc3bd96e0f1f9,firmenprofil+ firmenprofil+ Merken 21.08.2026 Kantonsspital Aarau Arztsekretär/in oder Med. Praxisassistent/in Kantonsspital Aarau 5600 Lenzburg 21.08.2026 Festanstellung 100% Fest,152 Jobs für deine Suche,not_strong
b25ae617078fe571,firmenprofil+ firmenprofil+ Merken 21.08.2026 Migros Bank AG Conseiller clientèle privée spécialisé en financements hypothécaires (tous genres)80 – 100% Migros Bank AG 1004 Lausann,105 Jobs für deine Suche,not_strong
23c7e9dd59f141c6,firmenprofil+ firmenprofil+ Merken 21.08.2026 Migros Bank AG Conseiller clientèle privée spécialisé en financements hypothécaires (tous genres)80 – 100% Migros Bank AG 1004 Lausann,131 Jobs für deine Suche,not_strong
151cc065522697c6,firmenprofil+ firmenprofil+ Merken 21.08.2026 Repower AG Lehrstelle Logistiker:in EFZ 2027 Repower AG 7742 Poschiavo 21.08.2026 Lehrstelle 100% Lehrstelle 100% 7742 Poschiavo Repow,30 Jobs für deine Suche,not_strong
7f21dba841bb7220,firmenprofil+ firmenprofil+ Merken 21.08.2026 Schmid Bauunternehmung AG Vorarbeiter*in (Verputzte Aussenwärmedämmung) Schmid Bauunternehmung AG 6030 Ebikon 21.08.2026 Festanstellun,181 Jobs für deine Suche,not_strong
d83190d6ac2ec246,firmenprofil+ firmenprofil+ Merken 21.08.2026 Schmid Bauunternehmung AG Vorarbeiter*in (Verputzte Aussenwärmedämmung) Schmid Bauunternehmung AG 6030 Ebikon 21.08.2026 Festanstellun,196 Jobs für deine Suche,not_strong
22043f486ef88232,firmenprofil+ firmenprofil+ Merken 21.08.2026 USZ Clinical Fellowship in Robotic Lymphatic Microsurgery & Lymphatic Biology 80-100% USZ 8091 Zürich 21.08.2026 Temporär (befristet),22 Jobs für deine Suche,not_strong
9b6bafecb5409e8d,firmenprofil+ firmenprofil+ Merken 21.08.2026 USZ Fachperson Gesundheit EFZ Hämato-Onkologie 60-100% USZ 8091 Zürich 21.08.2026 Festanstellung 60-100% Festanstellung 60-100% 8091 Z,537 Jobs für deine Suche,not_strong
f6951cae28319033,firmenprofil+ firmenprofil+ Merken 21.08.2026 USZ Information Security Officer & IAM Governance Lead 80-100% USZ 8600 Zürich 21.08.2026 Festanstellung 80-100% Management / Kader Fe,30 Jobs für deine Suche,not_strong
39097111fbd8ae24,"firmenprofil+ firmenprofil+ Merken 21.08.2026 USZ Praktikant:in Klinik für Gastroenterologie und Hepatologie, 80-100% USZ 8091 Zürich 21.08.2026 Praktikum 80-100% Praktikum 80-100%",26 Jobs für deine Suche,not_strong
a21c7ddd28692372,firmenprofil+ firmenprofil+ Merken 21.08.2026 swisselect ag Geschäftsleitung Architektur swisselect ag 3000 Grossraum Bern 21.08.2026 Festanstellung 100% Führungsposition Managemen,43 Jobs für deine Suche,not_strong
7659ad69461f0975,ANKER Capital Management AG,Client Solutions / Portfolio Manager,not_strong
78a51e1437d2fb9f,AO Foundation,IT Vendor Management Specialist (ID2134),not_strong
9a3c1b8f40abb1a1,Accelleron,FP&A Analyst (m/f/d) (80-100%),not_strong
dadfba56f86ee774,Albedis,Senior Internal Audit Manager (Banking) in Basel,not_strong
68d090ae481007fb,Andermatt Swiss Alps AG,Project Manager (w/m/d),not_strong
183058a78cbfe273,Aon Schweiz AG,Junior Business Analyst / Requirements Consultant,not_strong
aa8b896daad8a411,Banque de Commerce et de Placements SA,Credit Control Officer,not_strong
a157be11aeee225e,Calida AG,Senior Accounting Manager (w/m/d),not_strong
09c6241b5c55c14c,Consult & Pepper AG,FP&A Controller 80100% (a),not_strong
dc1a7feb2b2f4cc1,Consult & Pepper AG,Financial Reporting & Controlling Manager (a),not_strong
19bf1a7a3637a6ee,Consult & Pepper AG,Senior Accountant / Stv. Head Accounting 80100% (a),not_strong
332f2d82f88b73af,ECS Technologie AG,Head of Accounting & Financial Reporting,not_strong
c414ca21570505af,Etel S.A.,IT & BUSINESS SOLUTIONS MANAGER,not_strong
c145206ec7b3ea69,Güdel AG,Manager Accounting (m/w/d),not_strong
721cc56bc2b9084f,Hochschule Luzern,Dozentin und Projektleiterin / Dozent und Projektleiter Corporate Finance 50 – 100%,not_strong
6e206afd70bfb45b,Knecht Gruppe,"Career Start Programm Finance, Accounting und Controlling",not_strong
f2422ed59e0f5ac6,LGT,Business Intelligence Analyst (w/m/d),not_strong
8f23873054f5db3c,Omya (Schweiz) AG,Director Portfolio & Strategy - Animal & Human Health,not_strong
26576aac86f19e8f,Omya (Schweiz) AG,Head of Internal Audit,not_strong
e10da4a6889b81a9,Phoenix Mecano Solutions AG,Junior Accountant (m/w/d) 80%,not_strong
bcb52cab17049fde,ProSearch AG,Leitung Immobilien-Portfolio-Management (PFM) und Bauprozess-Management,not_strong
56c44bccea0137e9,Raiffeisen Schweiz,Senior Fondsmanager Aktien Global (w/m/d),not_strong
2c4f9da7ff17f714,Raiffeisen Schweiz,Senior Fondsmanager Aktien Schweiz (w/m/d),not_strong
4972e6d5ddddd0fb,SOLIT Group AG,Group CFO Schweiz (m/w/d),not_strong
050d221b0c4376a1,SPT Roth AG,Produktionscontroller / Senior Operations Controller (m/w/d),not_strong
84e342828759a8dd,SPT Roth AG,Senior Group Accountant (m/w/d),not_strong
b898bd629da01b26,SpeciTec SA,Opportunité pour Récents Diplômés en Droit – High Risk Periodic Review (KYC/AML),not_strong
fc7e3ae0ecd44903,SpeciTec SA,Permanent position - AML Compliance Monitoring Officer,not_strong
985d843295af345f,Swiss Life AG,"Reinsurance Pricing Actuary, 80-100% (w/m/d)",not_strong
8616d937284e83e6,Swiss Life Asset Managers,Junior Relationship Manager – Clientèle Institutionnelle (Suisse romande & Tessin) (f/h/d),not_strong
56985d6446ac725c,Swiss Rock Asset Management AG,Leiter(in) Portfolio Management System & ICT,not_strong
bb8e12fb678570eb,UNITED GRINDING Group,CORPORATE CONTROLLER (M/W/D),not_strong
5128de62c3ca69a7,mylife Diabetes Care AG,FP&A Analyst,not_strong
ff0b2abda10b673f,"oprandi & partner ag, zürich",Deputy Head of Risk Control - Operational Risk Expert (m/f/d),not_strong
b1821751877ddc1f,v.FISCHER INVESTAS Holding AG,"Leitung Bewirtschaftung 80-100 %, Mitglied der Geschäftsleitung (m/w/d)",not_strong
e8502d4549d1d491,v.FISCHER INVESTAS Holding AG,Senior Vermarkter:in Immobilien 80-100 % (m/w/d),not_strong
f863723656623871,Adecco Personalbereitstellungs GmbH,A1 Verkäufer:in im A1 Shop Leibnitz,not_strong
fc9e910392cfa641,Iro&Partners Personal- u. Managementberatungs-GmbH,Head of Finance & Controlling,not_strong
32810f022a45399b,KERN engineering careers GmbH,Business Consultant - Finance & IT,not_strong
67a0e7ffa50db5ab,Oberbank AG,Controller:in Bereich Baumanagement,not_strong
a98af7d1416a2063,Oberbank AG,"Praktikant:in Abteilung Corporate & International Finance , Teilzeit (mind. 20h) oder Vollzeit",not_strong
585027d1e2e1740b,Stadtamt Braunau am Inn,Abteilungsleitung Finanzen und Controlling,not_strong
e60d209f0e525b7a,Steiermärkische Bank und Sparkasse AG,Expert:in Non Financial Risk mit Schwerpunkt ICT Risiko Management,not_strong
eb1dd6af5654790f,Steiermärkische Bank und Sparkasse AG,Großkundenbetreuer:in Immobilien- und Projektfinanzierung,not_strong
ed52a006b3dc963f,UniCredit Bank Austria AG,Corporate Treasury Sales - Investment Product Sales,not_strong
21bce81fe4848c44,UniCredit Bank Austria AG,Praktikant:in im Bereich Risk,not_strong
8609468a57213231,AGRANA Fruit,Global Flavor Portfolio Manager (all genders),not_strong
0f484945a05757b5,BAWAG Group,Senior Auditor - Risk Management*,not_strong
f9f9a8b1a8af5c90,BDO Austria GmbH Wirtschaftsprüfungs- und Steuerberatungsgesellschaft,Senior Associate Audit & Corporate Finance (m/w/d),not_strong
b960403716968857,BDO Austria GmbH Wirtschaftsprüfungs- und Steuerberatungsgesellschaft,Senior Associate Financial Services - Fokus Regulatory (m/w/d),not_strong
843cb974643f4d56,BDO Austria GmbH Wirtschaftsprüfungs- und Steuerberatungsgesellschaft,"Trainee im Audit, Tax und Corporate Finance (m/w/d)",not_strong
2db34f9d9683f387,CERHA HEMPEL Rechtsanwälte GmbH,Rechtsanwaltsanwärter:in (w/m/d) – Banking & Corporate Finance,not_strong
29f548bcac19b881,ERSTE Immobilien Kapitalanlagegesellschaft m.b.H.,Chief Investment Officer Real Estate / Geschäftsführer:in (all genders),not_strong
01cc6d88ef5438b3,Kontron AG,"Finance, Treasury and Insurance Manager (m/w/d)",actionability:language:German C1/C2/fluent/native-level requirement
5bca53df4abf18f0,Michael Page International Austria GmbH,Head of Treasury & Corporate Finance (m/w/d),actionability:language:German C1/C2/fluent/native-level requirement
32593b5ae62fe8f3,OeKB Gruppe,Mitarbeiterin / Mitarbeiter Treasury Operations (w/m/d),not_strong
09c3fe59464c66ca,Parfumerien Alina Gesellschaft m.b.H.,Corporate Finance Manager (m/w/d),not_strong
97ea9f786a33695f,SCHULMEISTER Management Consulting GmbH,(Junior) Group Treasury Specialist (m/w/d),actionability:language:German C1/C2/fluent/native-level requirement
7cc9632292cf9513,SOS-Kinderdorf Österreich,Teamleitung Controlling und Treasury (m/w/d),not_strong
aef83d71303c182b,Steiermärkische Sparkasse,Expert:in Non Financial Risk mit Schwerpunkt ICT Risiko Management (m/w/d),not_strong
a974a6ddc6495fb8,TGW Logistics GmbH,Portfolio Manager Software (m/w/d)*,not_strong
3076d1764e2e8f0a,UNIQA Insurance Group AG,Investment Data & Operations Expert - SimCorp Dimension (m/w/d),not_strong
62925cce400d2964,Union Investment Gruppe,(Senior) Risikomanager*in,not_strong
34965031be582889,oekostrom Handels GmbH,Portfoliomanager:in Kraftwerke & Settlement,not_strong
82e56bc82c1013b0,ÖBB-Konzern,IT Portfolio & Vendor Management Analyst:in,not_strong
cdd52ed83608e4b4,Bayerische Hausbau RE GmbH & Co. KG,Treasury Manager / Senior Treasury Manager,actionability:language:German C1/C2/fluent/native-level requirement
e953cc8f396159c2,Bayerische Hausbau Real Estate,Senior Manager Bewertung und Portfoliomanagement (m/w/d),not_strong
6964b371544deacd,Bayerische Hausbau Real Estate,Treasury Manager / Senior Treasury Manager (m/w/d),actionability:language:German C1/C2/fluent/native-level requirement
d9f426b2e1da41ca,FPS Rechtsanwaltsgesellschaft mbH & Co. KG,Anwaltsassistenz / Sachbearbeiter (m/w/d) im juristischen Bereich mit Fokus auf M&A-Transaktionen und Restrukturierungen,not_strong
54ea2614d0701789,Gemeinnütziges Siedlungswerk GmbH,Referenten (m/w/d) Controlling und Portfoliomanagement,not_strong
955d0e7077689311,HANSAINVEST Hanseatische Investment-GmbH,Manager (m/w/d) Projektportfolio,not_strong
53fa1abfd81d4153,Hochschulen Fresenius GmbH,Portfolio Marketing Manager (m/w/d),not_strong
4bbeff44091dd49d,Quantum Immobilien Kapitalverwaltungsgesellschaft mbH,Teamassistenz Portfolio Management (m/w/d),not_strong
786852c0ea53b51a,SIGNAL IDUNA Gruppe,Manager (m/w/d) agile Portfolio-Steuerung,not_strong
04c0ebe1a87f304e,Workwise GmbH,Leiter Vertrieb International - Firmenkunden / Treasury (m/w/d),not_strong
05ed86ba7ceae8cf,Workwise GmbH,Restrukturierungsberater - Controlling / Planung / Mergers (m/w/d),not_strong
f453d7044ab52fb5,Workwise GmbH,Steuerberater - Beratung / M&A / Real Estate (m/w/d),actionability:language:German C1/C2/fluent/native-level requirement
520b7377d6261967,AURELIUS Beteiligungsberatungs AG,Investment Analyst / Associate (m/w/d) – Fokus: Buyouts,actionability:language:German C1/C2/fluent/native-level requirement
926a60f41a404872,AlphaConsult Premium KG - Annaberg-Buchholz,Teamassistenz Projekt und Portfolio Management,not_strong
1594b50b19fc1e79,Aschert & Bohrmann GmbH,Sachbearbeiter Treasury (m/w/d),not_strong
838596793d7de89e,Aschert & Bohrmann GmbH,Underwriter (m/w/d) – Bereich Kautionsversicherung / Financial Risk,not_strong
2ae3809d87c075ac,DPC DONCASTERS PRECISION CASTI NGS-BOCHUM GMBH,FP & A Analyst (m/w/d),not_strong
4cb3bbf2deb49a4a,Deutsche Bank AG,PMO Lead – Portfolio Management Office (d/m/w),not_strong
707c17c2bd1c07cf,Deutsche Bank AG,PMO Manager - Portfolio Management Office (d/m/w),not_strong
adcbf9a5bad191ca,EY Consulting GmbH,(Senior) Consultant Digital Risk (Financial Services) (w/m/d),not_strong
ab9a26c5a9700a15,Eberspächer Gruppe GmbH & Co. KG,Senior Treasury Specialist (w/m/d),not_strong
f121a71e35b0c5ed,FERCHAU GmbH Niederlassung Berlin Süd,Senior Valuation Manager (m/w/d),actionability:language:German C1/C2/fluent/native-level requirement
8fe892f186695be8,FISHER SCIENTIFIC GmbH,Financial Analyst III – Portfolio Management,not_strong
141faae93d16accf,GALERIA S.à r.l. & Co. KG Nordrhein-Westfalen - Verwaltung,Head of Controlling FP&A (w/m/d),not_strong
08df1b79587a6c69,Generali Deutschland Services GmbH,BAD_2026_08 Mitarbeiter (m/w/d) Non Financial Risk (Schwerpunkt IKT-Risikomanagement),not_strong
32a3c02dea8bc7cb,Hays Professional Solutions GmbH,Financial Analyst (m/w/d),not_strong
590e4afd2f05d6e4,Helmholtz-Zentrum für Ozeanforschung Kiel (GEOMAR),Koordination (m/w/d) “Service Portfolio Management”,not_strong
ee6cc5d4e2ace735,LBBW Corporate Real Estate Management GmbH,Referent (m/w/d) Non-Financial Risk in Teilzeit 50%,not_strong
57f323fac2949035,LPR Holding GmbH,Finance Business Partner (m/w/d) FP&A / Controlling,not_strong
31e343d16b1c25c7,Mercedes-Benz Group AG,Senior Kreditanalyst – Global Corporate Finance (d/m/f/x),not_strong
23016ef40836b95b,Nexperia Germany GmbH,Financial Analyst (m/w/d) - Controlling Rotation Program,not_strong
4cd32bc1ccb173c3,PKF Fasselt Karriere,"Manager Corporate Finance - Power & Utilities (m/w/d), Duisburg",not_strong
467c9f5b06c84f4b,Paki Logistics GmbH,FP & A Controller (m/w/d) - Standort Ennepetal,not_strong
93f5caafc7bac25e,Quantum Immobilien AG,"Teamassistenz Portfolio Management (m/w/d), Hamburg",not_strong
031f077a1a73e411,SCHOTT AG,Trainee Finance Treasury (m/w/d)*,seniority:below_target_extreme
d6f811ce5746558b,Schleupen SE,Senior Controller (FP&A) (m/w/d),not_strong
ee6d07e1eadac222,Schmitt GmbH,Controller (m/w/d) FP&A und Werkscontrolling,not_strong
538e8ad0b66efef1,Silesia Gerhard Hanke GmbH & Co.KG,Head of Global Portfolio Management (m/w/d),not_strong
2cd90624e53eebdd,Sparkasse Chemnitz,Mitarbeiter (m/w/d) Treasury,not_strong
2aad3be8753ada36,Sächsische Aufbaubank - Förderbank - AdöR,Fachspezialist (m/w/d) Beteiligungscontrolling im Cluster Corporate Finance (2026-69),not_strong
cec2adc522391fa1,Viridium Service Management GmbH,Senior Analyst:in Asset Management*,not_strong
ed973f11cd05dd08,per Invest GmbH,Asset Management & Portfolio Betreuung (m/w/d),not_strong
ff9194c78b262263,team SE,Senior FP&A Analyst (m/w/d),not_strong
c7af033b2ef0a5c1,"Do marketingového a fundraisingového týmu investiční skupiny Rockaway hledáme člověka, který převezme odpovědnost za naše CRM a pomůže nám z dat vytěžit informace, které skutečně v",CRM & Data Analyst,not_strong
fd06a6310da6069d,Employer not stated,(Senior) ICT Risk Coordinator,not_strong
761ea71c9ddbcc56,Employer not stated,Accounting Team Leader – AP/AR & Treasury,not_strong
936f2fb646bfb16b,Employer not stated,FP&A Analyst,not_strong
a38f2c850012304f,Employer not stated,Financial Instruments Accounting – Konzultant/ka,not_strong
222cdc8dec879b26,Employer not stated,Financial Instruments Accounting – Konzultant/ka (Brno),not_strong
73183bcc31e3c719,Employer not stated,Financial Instruments Accounting – junior konzultant/ka,not_strong
c7f6bc44c33d426d,Employer not stated,Financial Instruments Accounting – junior konzultant/ka (Brno),not_strong
3fd4a13bfff9c4cf,Employer not stated,Financial Planning & Analysis Manager,not_strong
33a7e00cff18837b,Employer not stated,Intensive Care Officer / Restructuring Manager,not_strong
5cd713f5addc590c,Employer not stated,Metodická podpora SAP – specializace na Treasury,not_strong
f70f4ffa064de0af,Employer not stated,PMO a Portfolio Management Consultant,not_strong
7a18b6bf3fc62924,Employer not stated,Product Owner - Treasury Applications,not_strong
51967e152b3a99d3,Employer not stated,SENIOR FINANCE CONTROLLER/KA,not_strong
067075b6d0b73771,Employer not stated,Senior Credit Risk Specialist (m/ž),not_strong
a4d1816b9f7ded0c,Employer not stated,Senior Procurement Controller,not_strong
70a551610333e455,Employer not stated,Treasury Data Analyst - Prague,not_strong
33bd4db955337170,LINKEDIN,Head of Corporate Finance & Banking Relations,data_quality:invalid_company
d873000249ede7e4,Nabídka Pracovní nabídka O nás Volná místa 14,Marketing Specialist – Combustible Products Portfolio,not_strong
4579159a3c4b6f32,Nabídka Pracovní nabídka O nás Volná místa 18,Portfolio Manager,not_strong
71632f849d0cc5f9,Nabídka Pracovní nabídka O nás Volná místa 4,Produktový manažer (non-paint portfolio),not_strong
be30745186512b0f,Nabídka Pracovní nabídka O nás Volná místa 4,Senior Valuation Analyst,data_quality:invalid_company
04fa3f95b9781601,Nabídka Pracovní nabídka O nás Volná místa 5,Credit Risk Analytik / Analytička - Traton Financial Services,not_strong
cc6feb36c4cfca9d,Nabídka Pracovní nabídka O nás Volná místa 7,Commercial Finance Expert - Discounts & Accruals,not_strong
7510505d15dfcd0c,Navštivte naše sociální sítě a poznejte Trinity Bank ještě blíž,Real Estate Analyst | Investment & Asset Management,data_quality:invalid_company
298ba69a2485f659,Poslat nabídku na e-mail,Analytik finančních rizik / Financial Risk Analyst,data_quality:invalid_company
a62d6e18540ccddd,Poslat nabídku na e-mail,Asset Manager – Realitní portfolio 🏢 (Praha),not_strong
19f024d0aff6272a,Poslat nabídku na e-mail,Finanční analytik/analytička pro prémiová obchodní centra | controlling & reporting,not_strong
632d3608f457c9d6,Poslat nabídku na e-mail,Group FP&A Controller,not_strong
46d72ca1a9e7c290,Poslat nabídku na e-mail,Head of Service Portfolio & Business Consulting,not_strong
744f92d06eab7832,Poslat nabídku na e-mail,Junior Analyst - valuation,data_quality:invalid_company
818b70d1b8021a82,Poslat nabídku na e-mail,Junior specialista FP&A,not_strong
26c58755ea45c861,Poslat nabídku na e-mail,Legal Counsel | M&A a investice - Buďte u vzniku projektů s dlouhodobou hodnotou,not_strong
4165148669a292de,Poslat nabídku na e-mail,Senior Analyst Finance Planning & Analysis,not_strong
589b82b43fb617a7,Poslat nabídku na e-mail,Senior Controller & Business Analyst,not_strong
ebc13542bcbe062b,Poslat nabídku na e-mail,Senior Financial Controller - Real Estate,not_strong
aafd45b709f8ab58,Poslat nabídku na e-mail,Treasury Systems & Integration Lead,not_strong
ca0f27d9deef3d66,Poslat nabídku na e-mail,Treasury manažer/ka,data_quality:invalid_company
c8623c476aa461f3,Práce v oboru,Investment Specialist – Real Estate,data_quality:invalid_company
b3de5b5978c80b04,Záleží nám na lidech,Corporate Treasury Sales Specialist,not_strong
d82f6551200e69bd,Fjellnær Friskule Sa,Rektor ved Fjellnær friskule - bli med på oppstarten!,not_strong
e0341dcdb6cc6b30,"Hellerud videregående skole, Oslo kommune, Utdanningsetaten","Undervisningsstillinger i fagene norsk, engelsk, spansk, markedsføring, entreprenørskap, rettslære",not_strong
0bc3cab79185460e,Vizir As,Vizir søker: Risiko-/kredittanalytiker,not_strong
da4476a13733fb0f,Vizir As,Vizir søker: Økonomisjef/business controller,not_strong
9f5c1a4eeed41331,Braxfield Recruitment Limited,Fire Safety Contract Manager,not_strong
1063a7e4394e8bfe,Ernest Gordon Recruitment Limited,Bid Manager (12 month FTC),not_strong
1a33f053dfa3126c,Greenacre Recruitment Ltd,Head of Estates & Facilities,not_strong
d080e418756185cf,Joshua Robert Recruitment,Director of Asset Management,not_strong
5a2cbebacb6dea3c,Park Avenue Recruitment,Private Sector Housing Team Leader - High-Rise Fire Safety,not_strong
6a001daf92489ea1,SJC Partners,Commercial Real Estate Solicitor,not_strong
44c902c3c03ddb6b,The Portfolio Group,Employment Law Advocate,not_strong
f6a0b2d709194561,WTW,Account Handler - Real Estate Practice,not_strong
dcba695ce18a4ea9,YOPA,Yopa Local Estate Agent,not_strong
11de3b851226b4cb,COMPUTE NORDIC FINLAND Oy,"Talouspäällikkö / Finance Manager, Compute Nordic Finland Oy",not_strong
01b365b2462c1c25,Forsvarsministeriet,Pressechef søges til Forsvarsministeriet,not_strong
bcf4b58b1c94a893,Grønlands Selvstyre,"Genopslag: AC-Fuldmægtig eller en Specialkonsulent til en stilling med databehandling, analyse og tværgående projekter",not_strong
f7d637d13b1baf47,Infront Sweden AB,Quant Risk and Valuation Sales Manager for the Nordics,not_strong
32bc13864aeba002,Adecco,Trade Surveillance Project Manager - 2224,not_strong
a9fe3baab8b37c7e,City Ste Solutions,Quantity Surveyor,not_strong
9e1c5c3507d305a2,DGH Recruitment Ltd.,Senior Network Engineer (Outside IR35),not_strong
5c08972537e742ad,Hunter Bond,Financial Crime Technical Lead,not_strong
6d3c1b280e55d43d,Hunter Bond,IT Security Project Manager VP,not_strong
cfc74cd0891c04c7,Hunter Bond,Product Owner - Lease Finance,not_strong
b6413bf5d3b97bf7,Lorien,PMO Analyst - Hybrid Working - Inside IR35,not_strong
924a070bc7becf01,Next Ventures Ltd,Oracle EBS R12 Financials BSA,not_strong
21843e6c648787fd,Rothstein Recruitment Ltd,Information Security Architect - CISSP - Banking,not_strong
7ebc5753c82eb685,Summer-Browning Associates,AI Evaluation Engineer,not_strong
0b60233143329ba6,Format A AG,Sachbearbeiter/in Treuhand (60-100%),not_strong
aadfa851da9357c5,KSU A-Technik AG,Assistenz der Geschäftsleitung (m/w) 80 – 100 %,not_strong
7dac456a7f09f009,emineo AG,"Senior Consultant SAP S/4HANA Finance (w/m/d), 80-100% - Lausanne",not_strong
ba45de2a608edfec,fenaco Genossenschaft,Fachspezialistin/Fachspezialist Konzern-Treasury & Kapitalanlagen w/m/d,not_strong
5acd04753983f8e8,ANDRITZ,Manager M&A (m/f/d),actionability:language:German C1/C2/fluent/native-level requirement
3dc5538a380e6ce2,Austria Puma Dassler GesmbH,Senior Manager Controlling EEMEA,not_strong
c748a5e98286e8d3,Forvis Mazars,Rechtsanwaltsanwärter:in im Bereich Corporate / M&A,actionability:language:German C1/C2/fluent/native-level requirement
ab07bd0aa0ec0eac,Münzer Bioindustrie GmbH,Corporate Treasury & Controlling (m/w/d),not_strong
1acdf86f9cfeaeac,Senacor Technologies AG,Business Consultant Financial Services (m/w/d),not_strong
7dd7c3c4e6f046d9,DONNER & REUSCHEL Aktiengesellschaft,Portfolio Manager (m/w/d),not_strong
e4664f56bfac138b,Hyundai AutoEver Europe GmbH,Treasury Specialist (m/w/d),actionability:language:German C1/C2/fluent/native-level requirement
a25663a7ffa842b9,Poslat nabídku na e-mail,(Junior) Customer Care Agent in Finance and Accounting with Catalan,not_strong
a15828d5e5e593ae,Poslat nabídku na e-mail,Financial Controller,not_strong
3383cc8c5cda45a3,Sledujte nás,>>> Business Controller & Analyst,not_strong
d0be4f16d22ddd0b,emagine,Data Engineer (h/f),not_strong
023e8f24d4fec5ce,emagine,Solution Architect (h/f),not_strong
4613fbd814defcb0,Amendo,Investment Analysts Swedfund,not_strong
8164194faece9b01,Aspia - Sweden,Off-cycle M&A Intern- Stockholm,seniority:below_target_extreme
4628a132fd468f80,Atlas Copco Aktiebolag,Product Owner - Treasury Applications,not_strong
5a2566d6f7dee7e6,Cushman & Wakefield,"Associate Director, Valuation & Strategic Advisory",seniority:above_target_extreme
eca162445dd52cf4,GKN Aerospace,FP&A Analyst,not_strong
87b31867701c8615,"Hitachi, Ltd.",Project Management Portfolio Manager (PMO) for Power Quality (former FACTS),not_strong
6b6128429957ba24,Infront,Quant Risk and Valuation Sales Manager (m/f/d),not_strong
82215198139354b0,Intrum,Legal Director (Corporate & Finance),not_strong
bd1dda832ab54a0b,Lantmännen,FP&A Manager,not_strong
4bf38d2d648424f4,Stegra AB,Legal Counsel - Corporate Finance,not_strong
9713dd74090f3cdd,Bank J. Safra Sarasin AG,Regulatory Trade / Transaction Reporting Analyst,not_strong
8e03915d7fc0c7c8,Careerplus SA,Senior Finance Manager,not_strong
e540304b9ac9c103,FINDERS SA,Senior Operational Risk Specialist - Private Banking,not_strong
42b71c97e858cb5b,ISS Schweiz AG,Team Lead Construction Portfolio Management,not_strong
e89bd1543f27fc60,J.P. Morgan (Suisse) SA,2027 Corporate & Investment Bank - Global Investment Banking Analyst Program - Off-Cycle Internship,not_strong
74e9aa99f8019f50,LGT,"Head of Portfolio Management Europe, 100% (w/m/d)",not_strong
87e5b9db539af97d,MRB Fund Partners AG,Fund Operations & Investment-Controlling Specialist (m/w/d) (100%),not_strong
0b29473e07e7c019,AT&S Austria Technologie & Systemtechnik AG,Project Portfolio Analyst,not_strong
bb8e9d412a15d033,AT&S Austria Technologie & Systemtechnik AG,Senior Specialist Controlling (Focus Integrated Planning),not_strong
2fcc0c986299a42e,AT&S Austria Technologie & Systemtechnik AG,Senior Specialist Plant Controlling,not_strong
1e9b7aff05ef2bb9,AT&S Austria Technologie & Systemtechnik AG,Specialist R&D Portfolio & Funding Management,not_strong
8945e690a2218739,BKS Bank AG,Risikoanalyst für KMU- und Großkunden (all genders),not_strong
1452d1524d347a65,BKS Bank AG,Senior Kundenbetreuer Large Corporates und Public Finance (all genders),not_strong
6a52490efbc90fa0,BORA Gruppe Österreich,Projektmanager (m/w/d) Finance Transformation & Digitalisierung,not_strong
b58929f3b73497c4,Doppelmayr Service GmbH,Risk Manager:in,not_strong
bccf5203c786c292,Elektrizitätswerke Reutte AG,Leitung Konzerncontrolling (m/w/d),not_strong
ef438a7b4afc1bb1,Fellner Wratzfeld & Partner Rechtsanwälte,Rechtsanwält:in Corporate Restructuring (d/f/m),not_strong
d1fa1f47d4f8e759,LIGHT FOR THE WORLD,Project Controller (f/m/d),not_strong
685a92526fcddb3b,NETCONOMY GmbH,Studentische Mitarbeiter im Accounting (f/m/x) für 12-20 Std./Woche,not_strong
0b74116fc7f1413e,ROXCEL Trading GmbH,Finance Trainee (m/w/d),not_strong
2c16ffe2110116cd,Rehrl + Partner Personalberatung GmbH,Head of Financial Planning & Analysis,not_strong
a4fe1bfc0f057ec2,Schulmeister Management Consulting,(Junior) Group Treasury Specialist (m/w/d),actionability:language:German C1/C2/fluent/native-level requirement
f53d71e938a94708,Schulmeister Management Consulting,Financial Accountant (m/w/d) mit Entwicklungsperspektive,not_strong
a67d734a5c45c30a,Schulmeister Management Consulting,Group Controller mit Erfahrung (m/w/d),not_strong
58437928a3a3c235,Schulmeister Management Consulting,Risk Manager (m/w/d),not_strong
aca6aa1b70da822d,Schulmeister Management Consulting,Risk Manager - Kreditrisikomanagement (m/w/d),not_strong
587b767bd084bf65,Strabag AG,Analyst - Target Scouting Corporate Development,not_strong
8c0c37d53f3e8a34,Universität Wien,IT-Systemadministrator*in/Portfoliomanager*in IT-Systeme,not_strong
f58aee9c03c5971a,WALTER GROUP,Treasury & Cash Management Expert (m/w/d),actionability:language:German C1/C2/fluent/native-level requirement
a4c0edc8d5b6bd46,Incluso AB,Program Controller,not_strong
1407349f2d7c46bc,Infront Financial Technology GmbH,Pre-Sales Specialist Portfolio Management Solutions (m/f/d),not_strong
20e38c2b25d66a80,Avaron AB,Senior Program Controller,not_strong
d32b6ea4054081cb,Deutsche Bausparkasse Badenia AG,Mitarbeiter (m/w/d) Non Financial Risk (Schwerpunkt IKT-Risikomanagement),not_strong
e6d137a5235ea584,Institutional Investment Group,"(Senior) Analyst Fund Reporting, Data & Automation (m/w/d), Frankfurt am Main",not_strong
55204884ce6b7cda,PHANTASIALAND Schmidt-Löffelhardt GmbH & Co. KG,Ausbildungskoordinator (m/w/d/k.A),not_strong
42a1301b833f2df8,PHANTASIALAND Schmidt-Löffelhardt GmbH & Co. KG,Verkehrsdienst (m/w/d/k.A.),not_strong
c74410411c658b2a,Phantasialand Schmidt-Löffelhardt GmbH & Co. KG,Industriemechaniker (m/w/d/k.A.),not_strong
55a7af5b30d1114d,Phantasialand Schmidt-Löffelhardt GmbH & Co. KG,Koch (m/w/d/k.A.),not_strong
601d18cf515c3024,Phantasialand Schmidt-Löffelhardt GmbH & Co. KG,Reservierungsmitarbeiter (m/w/d/k.A.),not_strong
c03dd107cf9281c3,Bravida Sverige AB,Analytics Engineer,not_strong
d9bb8b95e36827fb,Carla AB,Tech Lead,not_strong
154366e679046fca,Cou AB,kock / a la carte,not_strong
0fd43e144fde2ecf,Indian Brother AB,kock a la carte,not_strong
247f62b10c54b3e0,Intensogruppen AB,IT-arkitekt till Stockholm / Malmö / Göteborg,not_strong
ccfea3f9f275a5e5,KULU RESTAURANG HANDELSBOLAG,PERUANSK KOCK SÖKES SE BUSCA COCINERO/A PERUANO/A,not_strong
4301fce51f86b895,Marshall Group AB,VP Strategy,not_strong
78286a226ad66b13,MultiMind Holding AB,Junior Analyst to the Italian Trade Agency in Stockholm,not_strong
98ead8c6b7a4fa25,ZB Hassleholm AB,A la carte kock,not_strong
48643e8da550e450,Wipro,Analista Financeiro Bilingue - (Contabilidade),not_strong
581969c1f7015c43,Wipro,BA (Banking),not_strong
6bd61b213f7b3ae1,Wipro,Business Finance Manager,not_strong
921e85b9a2ab9345,Wipro,Cloud Finance Techno - Functional - BPM & Workflow,not_strong
1da198c1aa67edd2,Wipro,DATA AND ANALYTICS ARCHITECT L1,not_strong
a1a87a3c7329afcd,Wipro,Director- Energy Downstream,not_strong
7768004cc6e7cdc9,Wipro,Healthcare Business Analyst,not_strong
c026ccb5a484967a,Wipro,Industrial Engineering Analytics Engineer,not_strong
74f68b6c3c9dd4c3,Wipro,Manager - Finance - Pricing,not_strong
ae3589b7efe9dbe1,Wipro,Oracle Financials Cloud - General Ledger Consultant,not_strong
5db9fbb1a1c79b9a,Wipro,SAP PPM Project & Portfolio Management,not_strong
a756743dad3b4929,Wipro,Senior Business Analyst (SaaS),not_strong
16ea29eb9da76e7c,Wipro,Senior Partner- Finance Transformation,not_strong
5f7c64e87e116b94,Wipro,Senior Salesforce Business Analyst,not_strong
1ffe51f43bf1ffaf,Wipro,Software Asset Management,not_strong
0a9c7d284d9f2a3f,Wipro,Solution Architect - Energy and Utilities,not_strong
98ea6a70d8859ad3,GSK,Clinical Operations Specialist (Finance),not_strong
63f1aeb7cf73de83,AstraZeneca,Director Strategic Advice - Quality Science & Strategy,not_strong
1273387df9b7caf8,AstraZeneca,Senior Finance Business Partner - Alexion,not_strong
e59e13d2dbf94597,Volvo Group,Collections and Recovery Specialist at Volvo Financial Services (Vilnius or Riga),not_strong
e3467df441d05819,Volvo Group,DPM - Enterprise Analytics,not_strong
c2d764bdb33b63e8,Volvo Group,VIE - Financial Data Analyst H/F,not_strong
3977a976349de0af,A.P. Moller - Maersk,Student Assistant - Financial Analyst - Energy Transition (Early Careers),not_strong
170544615262c3da,European Bank for Reconstruction and Development,"Analyst, Banking",not_strong
0ac5be37b04a4209,Lloyds Banking Group,Associate Director - Asset Finance & ABL,not_strong
780f41cd008969ed,Lloyds Banking Group,"Associate, Assistant Quantitative Specialist",not_strong
7e43a13f815a3cb3,Lloyds Banking Group,"Associate, Transaction Banking Solutions - Data Products Sales",not_strong
4e93e1711a256af8,Lloyds Banking Group,Credit Officer – Financial Institutions (Banks & Intragroup Sector),not_strong
ee60cdf0b4c0241b,Lloyds Banking Group,Senior Credit Officer - FI - Financial Sponsors,not_strong
666697409a0fecda,Barclays,Financial Institutions - Cash Sales Manager,not_strong
e20510aaa70aab9b,Continental,"Senior Manager Tax Reporting, Risk Management & Technology ContiTech (m/w/diverse) - REF92559A",not_strong
16e014683dbb4124,Continental,Temporary Document Controller (12 months),not_strong
7a2e3d82f4b30aa8,UNIQA Insurance Group,"IT Business Analyst (f/m/d) - Property, Casualty and OMDS",not_strong
3d6018b097c43be8,UNIQA Insurance Group,IT Business Analyst:in - CORPO,not_strong
49ccd77155c87a0c,UNIQA Insurance Group,IT Business Analyst:in - OMDS,not_strong
aa89039ce8a7f73a,Bosch,Praktikum im Bereich Controlling (w/m/div.),not_strong
249095331bcbe092,Bosch,Praktikum im Venture Capital Investment Management,not_strong
6999a3f64031e1f9,Bosch,Praktikum im Vertriebscontrolling für den Bereich Projekte/Key Account-Kunden,not_strong
e43cc63809660b2f,Bosch,Werkstudent im Bereich Business Intelligence & Data Analytics (w/m/div.),not_strong
be1f7bf50c473803,ING Group,Model Risk Manager Non-Financial Risk / Analytics (w/m/d),not_strong
82f676e114b82b11,ING Group,Praktikant Financial Market Sales (w/m/d),not_strong
0333757f9781ac1d,Raiffeisen Bank International,Analyst:in mit Fokus auf Sektor & Fixed Income Einzeltitel (w/m/x) - Capital Markets & ESG Research,not_strong
0e4bb134165c978d,Raiffeisen Bank International,Data Analyst:in (w/m/x),not_strong
ee9d02a83b800927,Raiffeisen Bank International,Praktikum - Trade Finance Portfolio Management (w/m/x),not_strong
5e2040eb825a9778,OMV Group,"Expert Finance Data & Technology - 1,5 year Limited (gn)",not_strong
9e4039584def5681,OMV Group,Professional Controlling Data Science,not_strong
c35b671b3e92631e,Shell,Functional Consultant – S4 Hana Finance,not_strong
27b7ed720217299c,Shell,Gas Quant Structurer,not_strong
32de4f864e93dc68,Shell,Senior London Trade Finance Manager,not_strong
c57445208679d172,Statkraft,Senior Quantitative Risk Analyst (m/f/d) - Renewable Energy,not_strong
38c767f368520a45,Vattenfall,Business Controller,not_strong
58c7b766166aee8d,Vattenfall,IBM Controller Administrator,not_strong
2c76ca8010721dfb,Vattenfall,IT Architect – Energy Business,not_strong
d94c43426da90c98,Vattenfall,Senior Finance Project Manager,not_strong
bb10a6e1aa286e3a,Capital Group,Global Investment Control Manager,not_strong
36544ca8ae9b26b5,RWE,Strategy Manager d/w/m,not_strong
