job_id,canonical_company_id,company,title,description,description_en,translation_status,market,location,priority_locations,job_url,source_url,source_id,date_posted,discovered_at,last_seen_at,relevance_score,matched_terms,verification,status,alternate_job_urls,duplicate_count,calibration_score,calibration_note
0e4bb134165c978d,rbi,Raiffeisen Bank International,Data Analyst:in (w/m/x),"Die Abteilung „Risikocontrolling und operationelles Risiko“ der Raiffeisen Bausparkasse ist verantwortlich für die Berichterstattung zum Kreditrisiko, die Einhaltung aufsichtsrechtlicher Vorgaben im Rahmen des IRB, sowie das Management operationeller Risiken. Als Datenanalyst tragen Sie wesentlich zur Weiterentwicklung des Berichtswesens und zur umfassenden Analyse des Kreditrisikos bei. Sie verwenden und erweitern unsere state-of-the-art Tools und KI-Werkzeuge. Damit liefern Sie einen wesentlichen Beitrag zur Risikosteuerung, zur Erfüllung regulatorischer Anforderungen bei. Zur Verstärkung unseres Teams suchen wir eine Teamplayer:in mit ausgeprägter sozialer und kommunikativer Kompetenz, hoher Lösungsorientierung, analytischem Denken sowie hoher Affinität zu Daten und Erfahrung in der Anwendung künstlicher Intelligenz im Arbeitsumfeld. Eine selbstständige, ergebnisorientierte und strukturierte Arbeitsweise rundet Ihr Profil ab. Es erwartet Sie eine abwechslungsreiche, fachübergreifende Herausforderung in einem engagierten Team bei einem der führenden Immobilienfinanzierer Österreichs. Was Sie erwartet: Durchführung, Weiterentwicklung und Automatisierung interner und externer Reports mit Fokus auf Kredit- und operationelles Risiko Erstellung umfassender Datenanalysen Analyse und Validierung von Datenbeständen zur Sicherstellung der Datenqualität Eigenständige Entwicklung von KI-Anwendungen Definition und Optimierung von Kennzahlen und Qualitätsindikatoren Konzeptionelle Aufbereitung neuer Themen und deren erfolgreiche Implementierung Was Sie mitbringen: Studium der Finanzwirtschaft, Informationstechnologie, Statistik, Mathematik, oder eine vergleichbare Ausbildung Operative Erfahrung in der Datenanalyse, idealerweise im Bankenumfeld Erfahrung im Umgang mit Power BI und SQL Kenntnisse in R und/oder Python Idealerweise Erfahrung in der Integration von künstlicher Intelligenz in Arbeitsprozesse Sehr gute Deutsch- und Englischkenntnisse (Deutsch mind. auf C1 Niveau) Was wir bieten: Work-Life-Balance: Flexible Arbeitszeiten & Home-Office Möglichkeiten Buddy System: Strukturierter Onboarding-Prozess Karrieremöglichkeiten: zur beruflichen und persönlichen Weiterentwicklung Lernen: als Teil unserer DNA und Kultur Bequemes Reisen: Jobticket / Zuschuss Jahreskarte öffentlicher Nahverkehr Gaumenfreuden: Gesunde und stark geförderte Kantine Freizeitgestaltung: attraktive Sport- und Kulturangebote Sparen: durch Gutscheine und Rabatte unseres Betriebsrates (z.B für Supermärkte) Gehalt: Für diese Position gilt ein kollektivvertragliches Mindestgehalt gemäß dem Raiffeisen Bankengruppe und Raiffeisen-Revisionsverbände in Höhe von EUR 3.194.- brutto pro Monat. Das tatsächliche Gehalt liegt in der Regel über diesem Mindestgehalt und wird entsprechend Ihrer Qualifikation, beruflichen Erfahrung sowie der konkreten Ausgestaltung der Position individuell festgelegt. If you have questions regarding our application process, feel free to check out our FAQ or our page for international applicants . Your contact: Nina Kokorovic Talent Acquisition Team","The “Risk Controlling and Operational Risk” department at Raiffeisen Bausparkasse is responsible for reporting on credit risk, compliance with regulatory requirements within the framework of the IRB, and the management of operational risks. As a data analyst, you will make a significant contribution to the further development of reporting and the comprehensive analysis of credit risk. You use and extend our state-of-the-art tools and AI tools. In this way, you make a significant contribution to risk management and the fulfillment of regulatory requirements. To strengthen our team, we are looking for a team player with strong social and communicative skills, a high solution orientation, analytical thinking as well as a high affinity for data and experience in the application of artificial intelligence in the work environment. An independent, result-oriented and structured way of working completes",translated-de,Multi-region,,Vienna and Central Europe,https://jobs.rbinternational.com/raiffeisenbausparkasse/job/Wien-Data-Analystin-%28wmx%29-1190/1369516457/,https://jobs.rbinternational.com/,rbi-global,Fri Aug 14 00:00:00 UTC 2026,2026-08-16T05:47:28.122589+00:00,2026-08-16T05:47:28.122589+00:00,10,,schema.org/JobPosting microdata,Open,,1,66,"Positive: treasury / FP&A, finance transformation / analytics, plausible level; verify responsibilities. Check: forensics / compliance-heavy"
9e4039584def5681,omv,OMV Group,Professional Controlling Data Science,"Descrierea companiei OMV Petrom este cea mai mare companie de energie din Sud-Estul Europei, fiind prezentă pe întregul lanțul valoric din energie: de la sonde care produc gaze și țiței, la rafinarea și distribuția carburanților, furnizarea de gaze, producerea și furnizarea de electricitate. Furnizăm energia pentru viața modernă de zi cu zi: carburanți pentru mobilitate, energie pentru iluminat și pentru încălzire. Credem că putem evolua având un mix divers de angajați, și asigurând unui echilibru sănătos între viața profesională și personală. Activitățile noastre | OMVPetrom.com La OMV Petrom, avem o lungă tradiție de comportament responsabil față de angajați, mediu și societate. Sustenabilitatea înseamnă să ne concentrăm pe conducerea afacerii în mod responsabil, eficient și inovator. Ne angajăm să creăm valoare pe termen lung pentru companie și pentru părțile interesate, respectând mediul, sprijinind comunitățile în care ne desfășurăm activitatea. Strategia de sustenabilitate | OMVPetrom.com Responsabilitati Derulează şi implementează proiectele de ştiinţă a datelor în cadrul întregii organizaţii Acordă suport în organizaţie pentru identificarea oportunităţilor de învățare automată Înţelege surse noi de date şi procese şi le cataloghează/documentează Obţine acces la diverse baze de date şi sisteme sursă Aplică analiza statistică şi tehnici de vizualizare pe diverse tipuri de date ca de exemplu clustering (grupare) ierarhic(ă), distribuția T și încorporarea stocastică a vecinilor (t-SNE), analiza componentelor principale (PCA) Generează ipoteze cu privire la mecanismul din spatele proceselor din mediul de afaceri Aplică diverse tehnici învățare automată şi de analiză avansată pentru a desfăşura atribuţii de clasificare sau previziune Colaborează cu ingineri de date şi IT pentru a evalua şi implementa opţiunile de a aplica metodele de ştiinţă a datelor Cerinte Diplomă de master în informatică, ştiinţa datelor, cercetarea operaţiunilor, statistică, matematici aplicate, sau într-un domeniu de referinţă sau experienţă profesională relevantă ca de exemplu în domeniul economic, de inginerie si fizică. Ca alternativă sunt acceptate experienţa şi cunosţintele în domenii relevante precum economie, inginerie şi fizică. Professional Controlling Data Science trebuie sa aibă specializare în învățare automata (ML), inteligență artificială (AI), stiinţă cognitivă sau ştiinţa datelor. 1-3 ani experientă relevantă profesională în lansarea cu success, planificarea şi implementarea proiectelor de ştiinţă a datelor Cunoştințe de codificare şi experiență în următoarele: R, Python/Jupyter, SAS, Java, Scala, C++, Excel, MATLAB, etc Cunoaşte limbaje comune de programare a bazelor de date Cunoaşte tehnici de statistică şi de extragere a datelor Locatie Bucuresti Beneficii Planurile pentru weekend-urile prelungite sunt mereu binevenite - vineri, programul nostru de lucru se încheie la ora 14:00. Te poți baza pe o asigurare de sănătate care acoperă tratamentul medical într-o varietate de clinici medicale private. Poți lucra de acasă, daca activitatea de lucru permite. Numărul zilelor de vacanta crește in funcție de vechimea în muncă, astfel încât să te poți bucura de mai mult timp liber. Ne propunem să iți facem zilele de vacanță mai fericite, plătind dublu fiecare zi de concediu. Ești un jucător de top? Munca ta poate fi recompensata la fiecare trei luni în funcție de rezultatele performanței. Zile libere suplimentare și sprijin financiar variat pentru diferite evenimente precum căsătoria, nașterea copilului, etc. Acces la LinkedIn Learning și la o varietate de programe de dezvoltare Preferi mașinile sau bicicletele? Avem parcare privată gratuită acoperită","Responsibilities Runs and implements data science projects across the organization Provides organizational support for identifying machine learning opportunities Understands new data sources and processes and catalogs/documents them Gains access to various databases and source systems Applies statistical analysis and visualization techniques to various types of data such as hierarchical clustering, T-distribution and stochastic neighbor embedding (t-SNE), principal component analysis (PCA) Generate hypotheses about the mechanism behind business processes Apply various machine learning and advanced analytics techniques to perform classification or forecasting tasks Collaborate with data and IT engineers to evaluate and implement options to apply data science methods Requirements Master's degree in computer science, data science, operations research, statistics, applied mathematics, or in a field of reference or relevant professional experience such as for example in the field of economics, engineering and physics. As an alternative, experience and knowledge in relevant fields such as economics, engineering and physics are accepted. Professional Controlling Data Science must have specialization in machine learning (ML), artificial intelligence (AI), cognitive science or data science. 1-3 years of relevant professional experience in successfully launching, planning and implementing data science projects Coding knowledge and experience in the following: R, Python/Jupyter, SAS, Java, Scala, C++, Excel, MATLAB, etc.Knows common database programming languages Knows statistics and data mining techniques Location Bucharest",translated-ro,Multi-region,,Vienna and international,https://careers.omv.com/Petrom/job/Bucharest-Professional-Controlling-Data-Science-013329/1290866201/,https://careers.omv.com/?locale=en_US,omv-global,Sat Aug 15 02:00:00 UTC 2026,2026-08-16T05:46:57.010838+00:00,2026-08-16T05:46:57.010838+00:00,10,,schema.org/JobPosting microdata,Open,,1,60,Positive: treasury / FP&A
ee9d02a83b800927,rbi,Raiffeisen Bank International,Praktikum - Trade Finance Portfolio Management (w/m/x),"Du interessierst dich für Trade Finance, möchtest einen Überblick über die Gestaltung beziehungsweise Abbildung von Prozessen bekommen und bist ab sofort für 6 Monate Vollzeit verfügbar? Dann bist du hier richtig! Wir suchen nach motivierten Studenten (w/m/x) zur Unterstützung unseres Teams Portfolio Management & Financings (PMF) im Bereich Trade Finance. Ein großer Benefit für dich und für uns: wir entscheiden bereits am Tag nach dem Interview, ob du den Praktikumsplatz bekommen hast. Auf einen Blick: Start: ab sofort Arbeitsstunden: 38,5 h/Woche Dienstort: RBI Wien Deine Rolle bei uns im Team: Du bekommst einen Einblick in die Welt der internationalen Handelsfinanzierung – von Garantien über Akkreditive bis hin zu Inkassi – und deren Bearbeitungsprozesse Du unterstützt das Team bei Buchungen im internationalen Zahlungsverkehr Du wirkst aktiv an der Analyse, Optimierung und Automatisierung unserer bestehenden Prozesse mit und hast die Möglichkeit an Innovations-Projekten mitzuwirken Zudem nutzt du moderne Technologien – einschließlich KI‑gestützter Ansätze – um Arbeitsabläufe nachhaltig zu verbessern Du bist bei uns richtig, wenn … Du mitten im Studium an einer Universität oder FH im MINT Bereich oder Wirtschaft bist und Du Dich für die bankinternen Prozesse interessierst Du sehr gute Deutsch- und Englischkenntnisse in Wort und Schrift hast Du sicher im Umgang mit Excel (einschließlich Erstellen und Anpassen von Pivot-Tabellen, sicherer Umgang mit Formeln – z. B. XVERWEIS, INDEX / VERGLEICH usw.) bist Du bereits erste Erfahrung mit folgenden Programmiersprachen gesammelt hast: Python oder R und auch SQL sagt Dir etwas Du erste Erfahrungen mit Power BI (Verständnis der Datenmodellstruktur, Kenntnisse im Power Query Editor, DAX) hast Du fit im Umgang mit Zahlen und Datenanalysen bist Du eine rasche Auffassungsgabe und hohe Lernbereitschaft hast und Aufgaben strukturiert und genau erledigst Das können wir dir bieten Work & Study: sammle Praxiserfahrung im internationalen Bankenumfeld & bessere dein Student:innenkonto auf Flexibilität: teile dir deine Wochenstunden optimal ein Onboarding: genieße einen unbeschwerten Einstieg - ein Buddy aus deinem Team steht dir zur Seite Community: nütze die Möglichkeit und vernetze dich intern mit anderen Studierenden Gaumenfreuden: in unserer gesunden und stark geförderten Kantine Corporate Benefits: Rabatte beim Einkaufen, gratis Museumtickets, vielfältige Sportangebote, reduzierte Mitgliedschaft im Fitnesscenter, reduziertes Jobticket u.v.m. Monatsbrutto EUR 2.619,73 (Basis für 38,5 Stunden) If you have questions about our application process or if you want to know more about our Work & Study concept, feel free to take a look at our Student Page or our FAQ . Your contact: Christina Stolz Talent Acquisition Students & Interns","Your role in our team: You will gain an insight into the world of international trade financing - from guarantees to letters of credit to debt collection - and their processing processes You support the team with bookings in international payment transactions You are actively involved in the analysis, optimization and automation of our existing processes and have the opportunity to participate in innovation projects You will also use modern technologies - including AI-supported ones Approaches - to sustainably improve work processes You have come to the right place if... You are in the middle of your studies at a university or college in the MINT area or business and you are interested in the bank's internal processes You have very good written and spoken German and English skills You are confident in using Excel (including creating and adjusting pivot tables, confident handling of formulas - e.g. XLOOKUP, INDEX / COMPARISON, etc.) You have already gained initial experience with the following programming languages You have: Python or R and also SQL tells you something You have initial experience with Power BI (understanding of the data model structure, knowledge of the Power Query Editor, DAX) You are good at dealing with numbers and data analysis You have a quick comprehension and a high willingness to learn and complete tasks in a structured and precise manner This is what we can offer you Work & Study: gain practical experience in the international banking environment & improve your student account Flexibility: divide your weekly hours optimally Onboarding: enjoy a carefree start - a buddy Your team is at your side Community: take advantage of the opportunity and network internally with other students Culinary delights: in our healthy and heavily supported canteen Co",translated-de,Multi-region,"Wien, Vien, AT",Vienna and Central Europe,https://jobs.rbinternational.com/job/Wien-Praktikum-Trade-Finance-Portfolio-Management-%28wmx%29-Vien-1030/1369198357/,https://jobs.rbinternational.com/,rbi-global,Tue Aug 11 00:00:00 UTC 2026,2026-08-16T05:47:28.122589+00:00,2026-08-16T05:47:28.122589+00:00,36,portfolio,schema.org/JobPosting microdata,Open,,1,56,"Positive: transactions / M&A, finance transformation / analytics. Check: junior or graduate level"
170544615262c3da,ebrd,European Bank for Reconstruction and Development,"Analyst, Banking","Requisition ID 36965 Office Country Kazakhstan Office City Astana Division Banking Countries of Operations Contract Type Fixed Term Contract Length 2 years Posting End Date 20/08/2026 Purpose of Job An Analyst is sought to join the EBRD Resident Office in Astana, supporting the Bank’s infrastructure operations in Kazakhstan and across the broader Central Asian region. The Analyst contributes to all phases of the project cycle, including project origination, structuring, execution, implementation and monitoring. The Analyst will take responsibility for the tasks assigned to them by the operation leader or more senior members of the project team, or more senior bankers, which may include undertaking comprehensive due diligence, including financial, market, integrity and EBRD policy compliance, as well as effective post-signing implementation and monitoring. The Analyst carries out these tasks as part of a project team under the guidance of the operation leader or under the supervision/guidance of more senior bankers. The Project life-cycle involves several stages from origination to signing, followed by implementation and monitoring until full completion and repayment or exit. All the stages involve different tasks such as business marketing, project due diligence analysis, structuring and approval, negotiation and signing of project agreements, disbursement and monitoring. The role of the Analyst is to contribute, as a project team member, to the structuring, implementation and monitoring of debt and equity transactions, and their effective implementation and monitoring in line with the Bank’s operational objectives. Under the guidance of the operation leader and/or more senior bankers, the Analyst performs those tasks assigned to them and provides support to the operation leader and the project team throughout the project cycle, with a particular emphasis on research, data gathering, credit analysis and financial modelling. Accountabilities & Responsibilities Under the guidance of the operation leader or a more senior banker: Structuring and Execution Work as a project team member on transactions, contributing to all aspects of project structuring and execution, including comprehensive research and analysis of background materials, market information and financial performance data; analyse and evaluate potential risks related to the proposed project, including analysis of financial statements, preparing and updating financial models and financial projections; Assist with the designing and processing of technical co-operation assistance, including preparation of terms of reference and internal approval documentation, to support the related investment project or the related policy dialogue initiative; As may be requested, assist with communication with other internal units of the Bank, clients and other stakeholders, at the operational level, such as preparing draft correspondence, presentations, and following up on internal emails; Ensure that all tasks assigned to the Analyst are completed within the specified time frames to a high quality and in line with the policies, procedures and objectives of the Bank. Portfolio Monitoring, Value Creation and Reporting As requested by the operation leader or a Portfolio Manager, undertake assigned tasks relating to the implementation and monitoring of projects to which the Analyst is assigned as part of the project team, including compliance with project agreements and Bank procedures related to disbursement, monitoring of progress of the project and financial performance of the client, assessing evolving risk factors and monitoring and assessing covenant compliance; As requested by the operation leader or more senior member of the project team, prepare timely and comprehensive draft monitoring reports and include recommendations for corrective actions where required and ensure these corrective actions and recommendations are brought to the attention of more senior team members; As may be requested by, and under the supervision of, a TC operation leader, assist with the effective implementation and monitoring of TC assignments including communication with TC client, monitoring of TC fund usage, preparation and filing of relevant TC progress and completion reports to support the TC operation leader to meet donor reporting requirements and operational objectives. The responsibilities of the Analyst are designed to allow the Analyst to progressively undertake more complex tasks an","Requisition ID 36965 Office Country Kazakhstan Office City Astana Division Banking Countries of Operations Contract Type Fixed Term Contract Length 2 years Posting End Date 20/08/2026 Purpose of Job An Analyst is sought to join the EBRD Resident Office in Astana, supporting the Bank’s infrastructure operations in Kazakhstan and across the broader Central Asian region. The Analyst contributes to all phases of the project cycle, including project origination, structuring, execution, implementation and monitoring. The Analyst will take responsibility for the tasks assigned to them by the operation leader or more senior members of the project team, or more senior bankers, which may include undertaking comprehensive due diligence, including financial, market, integrity and EBRD policy compliance, as well as effective post-signing implementation and monitoring. The Analyst carries out these tasks as part of a project team under the guidance of the operation leader or under the supervision/guidance of more senior bankers. The Project life-cycle involves several stages from origination to signing, followed by implementation and monitoring until full completion and repayment or exit. All the stages involve different tasks such as business marketing, project due diligence analysis, structuring and approval, negotiation and signing of project agreements, disbursement and monitoring. The role of the Analyst is to contribute, as a project team member, to the structuring, implementation and monitoring of debt and equity transactions, and their effective implementation and monitoring in line with the Bank’s operational objectives. Under the guidance of the operation leader and/or more senior bankers, the Analyst performs those tasks assigned to them and provides support to the operati",original-en,Multi-region,,London and resident offices,https://jobs.ebrd.com/job/Astana-Analyst%2C-Banking/1423937433/,https://jobs.ebrd.com/,ebrd-global,Thu Aug 06 00:00:00 UTC 2026,2026-08-16T05:53:46.261623+00:00,2026-08-16T05:53:46.261623+00:00,10,,schema.org/JobPosting microdata,Open,https://jobs.ebrd.com/job/Astana-Analyst%2C-Banking/1423948833/,2,56,"Positive: transactions / M&A, plausible level; verify responsibilities. Check: forensics / compliance-heavy"
cc24b95b223e577d,rbi,Raiffeisen Bank International,AI Engineer for Corporate & Investment Banking (f/m/x),"Join a leading international bank in Vienna and help shape the digital future of the financial industry in Central and Eastern Europe! We are a dynamic team of AI & data specialists in the Corporate & Investment banking (CIB) area of RBI, and we’re looking for an ambitious AI Engineer who prioritizes impact and business outcomes by developing AI solutions deeply integrated into the core of our CIB operations. With your expertise, we aim to take the next step in bringing AI solutions closer to our clients, creating seamless and secure banking experiences. If you’re driven to create change, we’re excited to hear from you! Your role at RBI: Collaborate closely with business units to redesign and transform core processes within the CIB area, leveraging modern AI frameworks and AI Agents with a clear, holistic, end-to-end process perspective Develop and implement enterprise-grade AI software products (e.g., API solutions) following a strict governance framework, with a focus on scalability, low-latency performance and business usability In a business-embedded approach, work closely with CIB specialists to understand business processes, data and daily challenges, unlocking the full potential of AI-driven innovation Shape innovative agentic AI banking solutions and co-create the operational governance framework of AI solutions Your core competencies: Consider yourself a “Product Engineer” rather than a “Service Engineer” with several years of experience in software development or AI/ML engineering Strong software development and DevOPS foundation with programming expertise in Python, Spark, or Scala Experience with Databricks, Azure or AWS; hands-on management of CI/CD pipelines and testing (unit and integration tests) Knowledge of software security concepts, such as penetration testing and OWASP principles Experience with AI frameworks (e.g., LangChain, LangGraph, Autogen) and a strong understanding of product development using AI tools (LLMs and Agents), along with familiarity in MLOps and DataOps best practices; knowledge of data science concepts and machine learning is preferred Highly motivated, proactive and analytical, with effective communication skills to collaborate effectively with diverse stakeholders Ability to adapt quickly in agile teams and complex organizational environments What's in it for you: Global community: 75+ nationalities, English as the company language, and work permit support. Find out more about international applications here . Career growth: We believe in continuous learning and proactive career development. Take on challenging work that stretches your abilities, attend trainings, and use new technologies to make a lasting impact. Stay healthy: Subsidized canteen, well-being programs, check-ups, and sport allowances. Save money: Discounts, exclusive banking terms, and a heavily subsidized public transport pass. Family support: Child allowances, gender-neutral parental leave, bilingual company kindergarten, and holiday childcare. Competitive salary: In accordance with Austrian legal requirements, the minimum salary for this position is EUR 3.375,40 gross per month under the applicable Banking Collective Agreement. The actual salary is typically higher and will be determined individually based on your qualifications, professional experience, and the specific requirements of the role. If you have questions regarding our application process, feel free to check out our FAQ or our page for international applicants . Your contact: Alice Sulzer Talent Acquisition Team","Your role at RBI: Collaborate closely with business units to redesign and transform core processes within the CIB area, leveraging modern AI frameworks and AI Agents with a clear, holistic, end-to-end process perspective Develop and implement enterprise-grade AI software products (e.g., API solutions) following a strict governance framework, with a focus on scalability, low-latency performance and business usability In a business-embedded approach, work closely with CIB specialists to understand business processes, data and daily challenges, unlocking the full potential of AI-driven innovation Shape innovative agentic AI banking solutions and co-create the operational governance framework of AI solutions Your core competencies: Consider yourself a “Product Engineer” rather than a “Service Engineer” with several years of experience in software development or AI/ML engineering Strong software development and DevOPS foundation with programming expertise in Python, Spark, or Scala Experience with Databricks, Azure or AWS; hands-on management of CI/CD pipelines and testing (unit and integration tests) Knowledge of software security concepts, such as penetration testing and OWASP principles Experience with AI frameworks (e.g., LangChain, LangGraph, Autogen) and a strong understanding of product development using AI tools (LLMs and Agents), along with familiarity in MLOps and DataOps best practices; knowledge of data science concepts and machine learning is preferred Highly motivated, proactive and analytical, with effective communication skills to collaborate effectively with diverse stakeholders Ability to adapt quickly in agile teams and complex organizational environments What's in it for you: Global community: 75+ nationalities, English as the company language, and work p",original-en,Multi-region,"Wien, Vien, AT",Vienna and Central Europe,https://jobs.rbinternational.com/job/Wien-AI-Engineer-for-Corporate-&-Investment-Banking-%28fmx%29-Vien-1030/1364022757/,https://jobs.rbinternational.com/,rbi-global,Sat Aug 15 02:00:00 UTC 2026,2026-08-16T05:47:28.122589+00:00,2026-08-16T05:47:28.122589+00:00,36,investment,schema.org/JobPosting microdata,Open,,1,50,Exploration: no strong signal yet
a73d5bd77e62f237,vontobel,Vontobel,Exotic Derivatives Trader,"Are you ready to operate at the core of a leading Investment Solution franchise? We are looking for an experienced Exotic Derivatives Trader to join our Zurich-based team, within a market-leading team. This role combines trading at its core, with direct exposure to franchise development and business expansion across global markets.","Are you ready to operate at the core of a leading Investment Solution franchise? We are looking for an experienced Exotic Derivatives Trader to join our Zurich-based team, within a market-leading team. This role combines trading at its core, with direct exposure to franchise development and business expansion across global markets.",original-en,Multi-region,"Zurich, CH",Zurich; Frankfurt; global,https://www.vontobel.com/en-ch/about-vontobel/careers/open-positions/9120-exotic-derivatives-trader/,https://www.vontobel.com/de-ch/ueber-vontobel/karriere/offene-stellen/,vontobel-global,2026-06-09T06:00:04+00:00,2026-08-16T05:49:11.931051+00:00,2026-08-16T05:49:11.931051+00:00,36,derivative,schema.org/JobPosting JSON-LD,Open,,1,50,Exploration: no strong signal yet
e11b7704eeb66b68,vontobel,Vontobel,Portfolio Manager,Bist du auf der Suche nach einer neuen Herausforderung als Portfolio Manager und liebst die Arbeit mit Finanzmärkten in einem dynamischen Umfeld?,Are you looking for a new challenge as a portfolio manager and love working with financial markets in a dynamic environment?,translated-de,Multi-region,"Munich, DE",Zurich; Frankfurt; global,https://www.vontobel.com/en-ch/about-vontobel/careers/open-positions/9265-portfolio-manager/,https://www.vontobel.com/de-ch/ueber-vontobel/karriere/offene-stellen/,vontobel-global,2026-07-30T11:00:03+00:00,2026-08-16T05:49:11.931051+00:00,2026-08-16T05:49:11.931051+00:00,36,portfolio,schema.org/JobPosting JSON-LD,Open,,1,50,Exploration: no strong signal yet
5e2040eb825a9778,omv,OMV Group,"Expert Finance Data & Technology - 1,5 year Limited (gn)","OMV as employer At OMV, we drive energy, mobility, and lifestyles forward every day. We’re working towards becoming an integrated sustainable chemicals, fuels and energy company by 2030, and climate neutral by 2050. Put simply? That means reinventing the essentials for sustainable living. And that takes the best and brightest minds. This is a place where you can be ambitious. Feel included and drive innovation. A place that celebrates big thinking, and creates exciting opportunities to learn and grow. We're calling on people who turn ideas into action. To become part of a place that celebrates purpose. To contribute to global change by being here. The best thing about tomorrow is that you can create it. Your tasks Prepares financial analyses, reports, and budget forecasts, and continuously improves core controlling activities. Supports monthly and annual closing processes. Develops finance analytics capabilities, methods, and best practices across the organization. Ensures accuracy of financial statements through internal controls and compliance with controlling standards. Reviews financial data for completeness and proposes corrective actions when needed. Drives automation, optimization, and harmonization of controlling-related IT systems and reporting tools. Provides support for ad‑hoc analyses, deviation reviews, and special controlling projects. Acts as key user for finance systems in daily operations and system enhancements. Serves as subject‑matter expert for BI reporting, advanced analytics, and data‑driven modeling. Performs additional tasks supporting departmental goals, including reporting, data analysis, and project participation. Your profile University degree (MA) in economics, finance, business administration. Minimum 3–5 years of relevant professional experience. Strong understanding of financial analysis and reporting; business knowledge is an advantage. Strong analytical and communication skills with a structured working style. High accuracy and responsibility when generating, validating, and visualizing financial data. Able to manage cross‑functional interfaces and understand process interdependencies Excellent MS Office skills (Excel, PowerPoint, Word, Power BI); advantage if familiar with analytics tools (Python/R, SQL, SAP BW/HANA, Onestream, cloud platforms). Fluency in Slovak and English is required. Unlock your potential. Make it count. The opportunity to join an internationally renowned company in a fast-moving business sector, providing excellent development opportunities. We offer an attractive compensation package that matches your qualifications and professional experience. The gross monthly salary is from 3046,67 EUR Short-term incentives in the form of yearly bonus based on OMV group results. The employment contract will be concluded with OMV Slovensko s.r.o. Place of work: Einsteinova 25, 851 01 Bratislava, Slovakia Start day: As soon as possible Contract type: full-time, 40 hours/week OMV Slovensko s.r.o. offers attractive benefits: • Work-Life Balance: Flexible Working Time & Possibility to Working from home 10 days/month. • Meal contribution. • Commuting Allowance. • Contribution to Pension Fund Scheme. • Diverse training opportunities. • and many more. At OMV, you matter. Ready to grow? At OMV, we’re passionate about creating an inclusive environment where everyone has the chance to grow and thrive. We embrace diversity in all its forms—whether it’s age, gender identity, disability, ethnicity, religion, or sexual orientation—because we know it makes us stronger. Our success comes from working together as a diverse team and maintaining a healthy work-life balance. Guided by our values— We Care, We’re Curious, We Progress —we’re shaping a more sustainable future together. We’re especially proud of our efforts to advance women within our organization, focusing on getting more women into leadership roles. At OMV, you’ll have the opportunity to take on meaningful responsibilities, work across different functions, lead impactful projects, and even go on international assignments. We offer tailored development programs to help you unlock your potential and achieve your career goals while contributing to a legacy of sustainable progress. Join us and be part of a community that’s driving global change. Ready to make a difference? Apply now and start your exciting journey with OMV. Together. Forward for good. Your contact If you need any further information or have questions regarding access","Your tasks Prepares financial analyses, reports, and budget forecasts, and continuously improves core controlling activities. Supports monthly and annual closing processes. Develops finance analytics capabilities, methods, and best practices across the organization. Ensures accuracy of financial statements through internal controls and compliance with controlling standards. Reviews financial data for completeness and proposes corrective actions when needed. Drives automation, optimization, and harmonization of controlling-related IT systems and reporting tools. Provides support for ad‑hoc analyses, deviation reviews, and special controlling projects. Acts as key user for finance systems in daily operations and system enhancements. Serves as subject‑matter expert for BI reporting, advanced analytics, and data‑driven modeling. Performs additional tasks supporting departmental goals, including reporting, data analysis, and project participation.",original-en,Multi-region,,Vienna and international,https://careers.omv.com/job/Bratislava-Expert-Finance-Data-&-Technology-1%2C5-year-Limited-%28gn%29-851-01/1405699533/,https://careers.omv.com/?locale=en_US,omv-global,Fri Aug 14 02:01:00 UTC 2026,2026-08-16T05:46:57.010838+00:00,2026-08-16T05:46:57.010838+00:00,10,,schema.org/JobPosting microdata,Open,,1,47,"Positive: treasury / FP&A, finance transformation / analytics. Check: junior or graduate level, forensics / compliance-heavy"
ed5335aa30fad741,vontobel,Vontobel,"Business Analyst, E-Banking (80-100%)","Als Business Analyst im E-Banking Team gestaltest du aktiv die digitale Zukunft unserer Private-Clients-Plattform mit. Du bildest die Brücke zwischen Business und IT und sorgst dafür, dass Kundenbedürfnisse, regulatorische Anforderungen und technische Möglichkeiten in innovative und benutzerfreundliche Lösungen übersetzt werden. In enger Zusammenarbeit mit Fachbereichen, Entwicklern, UX-Experten und externen Partnern analysierst du Anforderungen, entwickelst Konzepte und begleitest deren Umsetzung bis zum erfolgreichen Go-live. Dabei denkst du nicht nur in einzelnen Features, sondern betrachtest die gesamte Customer Journey und trägst dazu bei, das digitale Kundenerlebnis kontinuierlich zu verbessern.","As a business analyst in the e-banking team, you will actively shape the digital future of our private clients platform. You form the bridge between business and IT and ensure that customer needs, regulatory requirements and technical possibilities are translated into innovative and user-friendly solutions. In close collaboration with departments, developers, UX experts and external partners, you analyze requirements, develop concepts and accompany their implementation until the successful go-live. You don't just think in terms of individual features, but also consider the entire customer journey and help to continuously improve the digital customer experience.",translated-de,Multi-region,"Zurich, CH",Zurich; Frankfurt; global,https://www.vontobel.com/en-ch/about-vontobel/careers/open-positions/8362-business-analyst-e-banking-80-100/,https://www.vontobel.com/de-ch/ueber-vontobel/karriere/offene-stellen/,vontobel-global,2026-07-23T11:00:04+00:00,2026-08-16T05:49:11.931051+00:00,2026-08-16T05:49:11.931051+00:00,10,,schema.org/JobPosting JSON-LD,Open,,1,46,Positive: plausible level; verify responsibilities. Check: likely above target seniority
0333757f9781ac1d,rbi,Raiffeisen Bank International,Analyst:in mit Fokus auf Sektor & Fixed Income Einzeltitel (w/m/x) - Capital Markets & ESG Research,"Du möchtest Finanzmärkte nicht nur beobachten, sondern ihre Entwicklung aktiv einordnen und mit deiner Expertise Orientierung schaffen? In unserer Corporate & Sector Research Einheit analysierst du alles von Einzeltiteln bis hin zu sektorübergreifenden Trends – und leistest damit einen wertvollen Beitrag zu fundierten Investmententscheidungen in einem renommierten Analysehaus. Deine Aufgaben: Verknüpfung sektorspezifischer Trends mit makroökonomischen Entwicklungen sowie Ableitung modellbasierter Prognosen zur fundamentalen Entwicklung eines Sektors Regelmäßige Präsentation deiner Sektorexpertise und Vertretung fundierter Einschätzungen gegenüber internen und externen Kund:innen Analyse von Unternehmen und Anleihen innerhalb deiner Sektoren sowie Ableitung von Anlageempfehlungen für institutionelle Investor:innen Erstellung von „deal-related“ Research Reports im Rahmen von Neuemissionen bei Anleihen und Schuldscheinen Analyse der täglichen Treiber globaler Kapitalmärkte, insbesondere der europäischen Renten- und Creditmärkte, sowie kundengerechte Aufbereitung der Ergebnisse Eigenständige Arbeitsweise mit der Möglichkeit, auch über die eigene Coverage hinaus Verantwortung zu übernehmen Dein Profil: Einschlägige Erfahrung in Fundamentalanalyse und/oder Kapitalmärkten Sicherer Umgang mit Cashflow-Modellen, Finanzberichtanalysen und modellbasierten Top-down-Prognosen Begeisterung für Kapitalmarktthemen wie Zentralbanken, Weltwirtschaft und Geopolitik sowie die Fähigkeit, diese auf deine Coverage zu übertragen Eigenständige, fristgerechte Arbeitsweise mit Blick fürs Detail – auch in stressigen Phasen Hohe intrinsische Motivation, dich tiefgehend mit Themen auseinanderzusetzen und deine Arbeit kontinuierlich weiterzuentwickeln Zusätzliche Ausbildungen, begonnen oder abgeschlossen, z. B. CFA Sehr gute Deutsch- und Englischkenntnisse in Wort und Schrift Was wir bieten: Work-Life-Balance: Flexible Arbeitszeiten und Home-Office-Optionen aus Österreich. Internationale Community: 75+ Nationalitäten, Englisch als Unternehmenssprache und Unterstützung beim Erlangen der Arbeitserlaubnis. Alles Wissenswerte für internationale Bewerber:innen findest du hier . Wachstum: Übernehmen Sie anspruchsvolle Aufgaben, besuchen Sie Schulungen und nutzen Sie neue Technologien, um einen nachhaltigen Beitrag zu leisten. Gesund bleiben: Subventionierte Kantine, Gesundheitsprogramme, Vorsorgeuntersuchungen und Sportzulagen. Sparen: Rabatte, exklusive Bankkonditionen und eine ermäßigte Fahrkarte für den öffentlichen Nahverkehr. Familienfreundlich: Kinderzulagen, genderneutrale Elternkarenz, ein bilingualer Betriebskindergarten und Ferienbetreuung. Gehalt: Für diese Position gilt ein kollektivvertragliches Mindestgehalt gemäß dem Bankenkollektivvertrag in Höhe von EUR 3.375,40 brutto pro Monat. Das tatsächliche Gehalt liegt in der Regel über diesem Mindestgehalt und wird entsprechend Ihrer Qualifikation, beruflichen Erfahrung sowie der konkreten Ausgestaltung der Position individuell festgelegt. Bei Fragen bezüglich unseres Bewerbungsprozesses, wirf gerne einen Blick auf unsere unsere FAQ oder unsere Seite für Internationale Bewerber:innen . Dein Kontakt: Monique Gramann-Heinrichs Talent Acquisition Team","Your tasks: Linking sector-specific trends with macroeconomic developments and deriving model-based forecasts for the fundamental development of a sector. Regularly presenting your sector expertise and representing well-founded assessments to internal and external customers. Analyzing companies and bonds within your sectors and deriving investment recommendations for institutional investors. Preparing “deal-related” research reports as part of new issues of bonds and promissory notes. Analyzing the daily drivers of global capital markets, especially the European bond and credit markets Customer-friendly preparation of the results Independent way of working with the opportunity to take on responsibility beyond your own coverage",translated-de,Multi-region,"Wien, Vien, AT",Vienna and Central Europe,https://jobs.rbinternational.com/job/Wien-Analystin-mit-Fokus-auf-Sektor-&-Fixed-Income-Einzeltitel-%28wmx%29-Capital-Markets-&-ESG-Research-Vien-1030/1363886257/,https://jobs.rbinternational.com/,rbi-global,Thu Aug 13 02:00:00 UTC 2026,2026-08-16T05:47:28.122589+00:00,2026-08-16T05:47:28.122589+00:00,36,capital markets,schema.org/JobPosting microdata,Open,,1,41,Positive: plausible level; verify responsibilities. Check: junior or graduate level
