event_id,opportunity_id,event_at,event_type,source_stream,action,application_stage,company_feedback,role_feedback,user_comment,outcome_reason,notes
285efbcc053c115e726e,513e60989f2a985e,2026-08-11T19:34:50.772839+00:00,opportunity_created,Big Four,,,,,,,Opportunity entered canonical I
2d81ff0cbcf565a14ce1,b5b66258ebb101d2,2026-08-11T19:36:00.373487+00:00,opportunity_created,Big Four,,,,,,,Opportunity entered canonical I
91022e7918718bb90468,a916b4567772678d,2026-08-11T19:36:00.373487+00:00,opportunity_created,Big Four,,,,,,,Opportunity entered canonical I
d1be181a0cbd4fb25914,527d82b47865b1e8,2026-08-11T19:36:00.373487+00:00,opportunity_created,Big Four,,,,,,,Opportunity entered canonical I
95695490404fa93387b2,f13d28ce8b279ad0,2026-08-11T19:37:06.158891+00:00,opportunity_created,Big Four,,,,,,,Opportunity entered canonical I
c3fa0e4d58a87e113ecd,af85284120a2db74,2026-08-11T19:37:06.158891+00:00,opportunity_created,Big Four,,,,,,,Opportunity entered canonical I
6253e5be8fd3235319a9,996f717c55bd25a9,2026-08-11T19:38:11.846812+00:00,opportunity_created,Big Four,,,,,,,Opportunity entered canonical I
0f71872a53e181df7ff2,1b40a7f72ba6c887,2026-08-11T19:43:41.728826+00:00,opportunity_created,Big Four,,,,,,,Opportunity entered canonical I
f667aca246550e88d741,8ffae4b4edb25bc1,2026-08-11T21:36:09.992086+00:00,opportunity_created,Big Four,,,,,,,Opportunity entered canonical I
d7002f3e45937deba678,db35f6a5476b9197,2026-08-11T21:36:40.594367+00:00,opportunity_created,Big Four,,,,,,,Opportunity entered canonical I
308fec1b6a7908edcf77,a0cc82edfaec98af,2026-08-11T21:40:26.160836+00:00,opportunity_created,Big Four,,,,,,,Opportunity entered canonical I
af0261ccdc3438310d7b,cc5d9739be66b966,2026-08-11T21:56:45.859970+00:00,opportunity_created,Big Four,,,,,,,Opportunity entered canonical I
b33fe518099393354699,47a91b0fb536ccbd,2026-08-11T21:56:45.859970+00:00,opportunity_created,Big Four,,,,,,,Opportunity entered canonical I
96af842a3bc442fcf4d0,5a68696d63dc6b80,2026-08-11T22:06:28.758724+00:00,opportunity_created,Big Four,,,,,,,Opportunity entered canonical I
ce1f7a9f508548c57963,cbde71b0f8268e70,2026-08-12T14:46:57.802342+00:00,opportunity_created,Big Four,,,,,,,Opportunity entered canonical I
2cb30ad1c6394cbb759e,1bcc885a71fe948e,2026-08-12T19:12:18.711567+00:00,opportunity_created,Big Four,,,,,,,Opportunity entered canonical I
33334e79c9c80507aaeb,ef16e2ff5228c8b2,2026-08-12T19:12:18.711567+00:00,opportunity_created,Big Four,,,,,,,Opportunity entered canonical I
355aca1e78111f893401,2241a41f6003ba2b,2026-08-12T19:12:18.711567+00:00,opportunity_created,Big Four,,,,,,,Opportunity entered canonical I
5efe05d92c80bf259da2,2813259323b9d49e,2026-08-12T19:12:18.711567+00:00,opportunity_created,Big Four,,,,,,,Opportunity entered canonical I
a6e6f96162b2faf5049a,e061815f2a2ee0be,2026-08-12T19:12:18.711567+00:00,opportunity_created,Big Four,,,,,,,Opportunity entered canonical I
0c20ad089ccece4a00e8,0b49186b65933e06,2026-08-12T19:51:15.241216+00:00,opportunity_created,Big Four,,,,,,,Opportunity entered canonical I
f5dd5c27d5f28315735a,75e611523f8454da,2026-08-12T20:02:15.845528+00:00,opportunity_created,Big Four,,,,,,,Opportunity entered canonical I
1cb414c9eb512e069cd2,4b88e123713e303f,2026-08-12T20:21:18.211075+00:00,opportunity_created,Big Four,,,,,,,Opportunity entered canonical I
17e50a84882c071995a4,B:d3c976a3df3a7b79,2026-08-16T20:30:50.371702+00:00,decision,B,Apply,,Not rated,Positive,Interested Lost,,Decision/feedback snapshot
5a4764d9359e547ce45f,B:d3c976a3df3a7b79,2026-08-16T20:30:50.371702+00:00,application_stage,B,,Applied,,,,,Canonical B manual application intake
e670a18105884766f5d5,B:d3c976a3df3a7b79,2026-08-16T20:30:50.371702+00:00,opportunity_created,B,,,,,,,Opportunity entered canonical I
14df478d3cb949a48b81,B:2b72cf95cccf7164,2026-08-16T21:22:55.263941+00:00,application_stage,B,,Applied,,,,,Canonical B manual application intake
5e3faa593367037637b0,B:2b72cf95cccf7164,2026-08-16T21:22:55.263941+00:00,decision,B,Apply,,Not rated,Positive,Interested,,Decision/feedback snapshot
a0a024679b0a17e3348c,B:2b72cf95cccf7164,2026-08-16T21:22:55.263941+00:00,opportunity_created,B,,,,,,,Opportunity entered canonical I
6b41952768d8feed73af,B:25e983666d4c50d2,2026-08-16T21:23:48.062854+00:00,decision,B,Apply,,Not rated,Positive,Interested,,Decision/feedback snapshot
94ded1a70c11dc0487a7,B:25e983666d4c50d2,2026-08-16T21:23:48.062854+00:00,opportunity_created,B,,,,,,,Opportunity entered canonical I
f4f523e4447928437b13,B:25e983666d4c50d2,2026-08-16T21:23:48.062854+00:00,application_stage,B,,Applied,,,,,Canonical B manual application intake
6c20fc857cb500d4d31b,B:15cded1e7a55d5d7,2026-08-16T21:38:22.545138+00:00,decision,B,Apply,,Not rated,Positive,Interested,,Decision/feedback snapshot
786fb0bafdb3f37f67ef,B:15cded1e7a55d5d7,2026-08-16T21:38:22.545138+00:00,opportunity_created,B,,,,,,,Opportunity entered canonical I
815e3a2e17573ab7025f,B:15cded1e7a55d5d7,2026-08-16T21:38:22.545138+00:00,application_stage,B,,Applied,,,,,Canonical B manual application intake
42ed8143a280c62fa2d0,B:4e523757d77617bf,2026-08-16T21:53:41.169033+00:00,opportunity_created,B,,,,,,,Opportunity entered canonical I
853566583d2a260ad2b8,B:4e523757d77617bf,2026-08-16T21:53:41.169033+00:00,decision,B,Apply,,Not rated,Positive,Interested,,Decision/feedback snapshot
921ba75a76a94e4ebd22,B:4e523757d77617bf,2026-08-16T21:53:41.169033+00:00,application_stage,B,,Applied,,,,,Canonical B manual application intake
6cc5a6a09c7fc813a7e5,B:7fa016cb43ac0410,2026-08-16T21:54:17.942402+00:00,opportunity_created,B,,,,,,,Opportunity entered canonical I
cd7d17e06e892e0eb1a7,B:7fa016cb43ac0410,2026-08-16T21:54:17.942402+00:00,decision,B,Apply,,Not rated,Positive,Interested,,Decision/feedback snapshot
d9769266b6c0580518c2,B:7fa016cb43ac0410,2026-08-16T21:54:17.942402+00:00,application_stage,B,,Applied,,,,,Canonical B manual application intake
03de650e23aef55f1abd,B:e13781321a90a40a,2026-08-17T17:36:43.369756+00:00,application_stage,B,,Applied,,,,,Canonical B manual application intake
32e4237c1611834b8ef9,B:e13781321a90a40a,2026-08-17T17:36:43.369756+00:00,opportunity_created,B,,,,,,,Opportunity entered canonical I
c7ff4f0ccddeeabb76e7,B:e13781321a90a40a,2026-08-17T17:36:43.369756+00:00,decision,B,Apply,,Not rated,Positive,Interested,,Decision/feedback snapshot
32583b8993c1725aa87a,B:41d0a4ebd62d6b21,2026-08-17T17:42:26.471913+00:00,decision,B,Apply,,Not rated,Positive,Interested,,Decision/feedback snapshot
72390be3cb0046545378,B:41d0a4ebd62d6b21,2026-08-17T17:42:26.471913+00:00,application_stage,B,,Applied,,,,,Canonical B manual application intake
d095f599895c3ed9c9a4,B:41d0a4ebd62d6b21,2026-08-17T17:42:26.471913+00:00,opportunity_created,B,,,,,,,Opportunity entered canonical I
c51ecad70982f3380287,B:6f28065092456220,2026-08-17T17:42:45.871486+00:00,decision,B,Apply,,Not rated,Positive,Interested,,Decision/feedback snapshot
d08c554bec68f9e5b5a2,B:6f28065092456220,2026-08-17T17:42:45.871486+00:00,application_stage,B,,Applied,,,,,Canonical B manual application intake
d24439ff9bd8acfc6e47,B:6f28065092456220,2026-08-17T17:42:45.871486+00:00,opportunity_created,B,,,,,,,Opportunity entered canonical I
353b36dc00ed495fa47a,B:3ea81804da7faf70,2026-08-17T18:28:23.386395+00:00,decision,B,Apply,,Not rated,Positive,Interested,,Decision/feedback snapshot
e25d8fe96776e241d8d2,B:3ea81804da7faf70,2026-08-17T18:28:23.386395+00:00,opportunity_created,B,,,,,,,Opportunity entered canonical I
ff8d46075a199af052e6,B:3ea81804da7faf70,2026-08-17T18:28:23.386395+00:00,application_stage,B,,Applied,,,,,Canonical B manual application intake
144f90e3fe2c80813a9b,B:6c509b886de2b398,2026-08-17T18:45:52.378177+00:00,opportunity_created,B,,,,,,,Opportunity entered canonical I
426b052d0d5391703d3b,B:6c509b886de2b398,2026-08-17T18:45:52.378177+00:00,decision,B,Apply,,Not rated,Positive,Interested,,Decision/feedback snapshot
87ebd9c19b9995951e2c,B:6c509b886de2b398,2026-08-17T18:45:52.378177+00:00,application_stage,B,,Applied,,,,,Canonical B manual application intake
741f1eea2d90bfa0fa58,B:5d5737e1a7fef7f3,2026-08-17T19:16:21.206640+00:00,decision,B,Apply,,Not rated,Positive,Interested Lost,,Decision/feedback snapshot
78e88fe198c56501974e,B:5d5737e1a7fef7f3,2026-08-17T19:16:21.206640+00:00,opportunity_created,B,,,,,,,Opportunity entered canonical I
b4713485d0d78342ac50,B:5d5737e1a7fef7f3,2026-08-17T19:16:21.206640+00:00,application_stage,B,,Applied,,,,,Canonical B manual application intake
477bf1a7342e34267361,B:e0ff3e64de9c6844,2026-08-17T21:13:09.493214+00:00,application_stage,B,,Applied,,,,,Canonical B manual application intake
a32046d379ebf0958d18,B:e0ff3e64de9c6844,2026-08-17T21:13:09.493214+00:00,opportunity_created,B,,,,,,,Opportunity entered canonical I
c9d1c65c84cf7c4908d9,B:e0ff3e64de9c6844,2026-08-17T21:13:09.493214+00:00,decision,B,Apply,,Not rated,Positive,Interested,,Decision/feedback snapshot
1c8a8dd0be4280958cf7,B:3380d091325fa119,2026-08-18T18:37:03.292620+00:00,decision,B,Apply,,Not rated,Positive,Interested,,Decision/feedback snapshot
c1401bee4fc15b67b438,B:3380d091325fa119,2026-08-18T18:37:03.292620+00:00,application_stage,B,,Applied,,,,,Canonical B manual application intake
fccb9570a2824538b961,B:3380d091325fa119,2026-08-18T18:37:03.292620+00:00,opportunity_created,B,,,,,,,Opportunity entered canonical I
012f469671298c0c29ee,B:178a58648f3b9dd0,2026-08-18T18:48:20.103192+00:00,opportunity_created,B,,,,,,,Opportunity entered canonical I
2cc7b3b649d8ad5f2f52,B:178a58648f3b9dd0,2026-08-18T18:48:20.103192+00:00,decision,B,Apply,,Not rated,Positive,Interested,,Decision/feedback snapshot
b831ef70f85816c05073,B:178a58648f3b9dd0,2026-08-18T18:48:20.103192+00:00,application_stage,B,,Applied,,,,,Canonical B manual application intake
4b39033b796fd81e0bd3,B:6e6171414b4b7598,2026-08-18T18:57:22.293694+00:00,opportunity_created,B,,,,,,,Opportunity entered canonical I
a87e69b0c6cdba88dc06,B:6e6171414b4b7598,2026-08-18T18:57:22.293694+00:00,decision,B,Apply,,Not rated,Positive,Interested,,Decision/feedback snapshot
af30e529b8eff7a451bc,B:6e6171414b4b7598,2026-08-18T18:57:22.293694+00:00,application_stage,B,,Applied,,,,,Canonical B manual application intake
4846fdabab19540ef67b,B:71212cac6d265f42,2026-08-18T19:52:17.663507+00:00,application_stage,B,,Applied,,,,,Canonical B manual application intake
768b05f345fcf90b9bdf,B:71212cac6d265f42,2026-08-18T19:52:17.663507+00:00,decision,B,Apply,,Not rated,Positive,Interested mostly because in CZ and good salary,,Decision/feedback snapshot
e4fff4948ffd8046f04b,B:71212cac6d265f42,2026-08-18T19:52:17.663507+00:00,opportunity_created,B,,,,,,,Opportunity entered canonical I
18281e1f6219fe6abf51,B:a88c4852de227556,2026-08-18T20:12:18.861263+00:00,application_stage,B,,Applied,,,,,Canonical B manual application intake
344d9456a700ef6d90f8,B:a88c4852de227556,2026-08-18T20:12:18.861263+00:00,decision,B,Apply,,Not rated,Positive,Interested,,Decision/feedback snapshot
7bd09b247375cc24c841,B:a88c4852de227556,2026-08-18T20:12:18.861263+00:00,opportunity_created,B,,,,,,,Opportunity entered canonical I
b3343607129c41bd2450,B:e117d8e691f098ae,2026-08-18T20:17:13.672107+00:00,decision,B,Apply,,Not rated,Positive,Interested,,Decision/feedback snapshot
d1ea5a5cfdc86c122903,B:e117d8e691f098ae,2026-08-18T20:17:13.672107+00:00,application_stage,B,,Applied,,,,,Canonical B manual application intake
fb15b0705efdcf9093e5,B:e117d8e691f098ae,2026-08-18T20:17:13.672107+00:00,opportunity_created,B,,,,,,,Opportunity entered canonical I
6fd8be80fca3da95aee2,B:fed9eea989b8d413,2026-08-18T20:38:56.747302+00:00,application_stage,B,,Applied,,,,,Canonical B manual application intake
8c28fa03a406cb176927,B:fed9eea989b8d413,2026-08-18T20:38:56.747302+00:00,decision,B,Apply,,Not rated,Positive,Interested,,Decision/feedback snapshot
92b0c97ebe7cb335664b,B:fed9eea989b8d413,2026-08-18T20:38:56.747302+00:00,opportunity_created,B,,,,,,,Opportunity entered canonical I
528e4cc58054829d8618,B:bed04c674e6f5320,2026-08-23T21:05:32.324348+00:00,opportunity_created,B,,,,,,,Opportunity entered canonical I
69541f80da34badcb2ca,B:bed04c674e6f5320,2026-08-23T21:05:32.324348+00:00,application_stage,B,,Applied,,,,,Canonical B manual application intake
944cbe3dce202a796731,B:bed04c674e6f5320,2026-08-23T21:05:32.324348+00:00,decision,B,Apply,,Not rated,Positive,,,Decision/feedback snapshot
678ecd1136e4b765928d,B:360ce8a53e888d9f,2026-08-23T21:21:12.433973+00:00,application_stage,B,,Applied,,,,,Canonical B manual application intake
8f1aceb506c318ecc39e,B:360ce8a53e888d9f,2026-08-23T21:21:12.433973+00:00,decision,B,Apply,,Not rated,Positive,,,Decision/feedback snapshot
e807bb068855f4653979,B:360ce8a53e888d9f,2026-08-23T21:21:12.433973+00:00,opportunity_created,B,,,,,,,Opportunity entered canonical I
5134f41e456b5591ffd4,B:d684886c18f401b9,2026-08-23T21:28:01.831051+00:00,opportunity_created,B,,,,,,,Opportunity entered canonical I
8044d574e2380a0e5412,B:d684886c18f401b9,2026-08-23T21:28:01.831051+00:00,application_stage,B,,Applied,,,,,Canonical B manual application intake
91230c2be0953196856d,B:d684886c18f401b9,2026-08-23T21:28:01.831051+00:00,decision,B,Apply,,Not rated,Positive,,,Decision/feedback snapshot
1c1e643236f422418171,B:5123b5ac544a0fc6,2026-08-23T21:38:18.029387+00:00,decision,B,Apply,,Not rated,Positive,,,Decision/feedback snapshot
56ff6b466859f486c920,B:5123b5ac544a0fc6,2026-08-23T21:38:18.029387+00:00,application_stage,B,,Applied,,,,,Canonical B manual application intake
7f20ea934d40b3fa719d,B:5123b5ac544a0fc6,2026-08-23T21:38:18.029387+00:00,opportunity_created,B,,,,,,,Opportunity entered canonical I
617e822f0af842f41182,B:85f8a156e160beb4,2026-08-23T22:00:20.239074+00:00,opportunity_created,B,,,,,,,Opportunity entered canonical I
73926f9a4310e8b04000,B:85f8a156e160beb4,2026-08-23T22:00:20.239074+00:00,application_stage,B,,Applied,,,,,Canonical B manual application intake
934cd92a543ae779b60c,B:85f8a156e160beb4,2026-08-23T22:00:20.239074+00:00,decision,B,Apply,,Not rated,Positive,,,Decision/feedback snapshot
69d05811384fb1858c98,533c93106dd3fa47,2026-08-24T08:09:42.700702+00:00,decision,G,New,,Not rated,Not rated,Link not working,,Decision/feedback snapshot
bc22bae74cf449e08d6d,533c93106dd3fa47,2026-08-24T08:09:42.700702+00:00,opportunity_created,G,,,,,,,Opportunity entered canonical I
2c21908b987bdb23d66b,fef9ac5cca247be6,2026-08-24T08:09:57.793237+00:00,opportunity_created,G,,,,,,,Opportunity entered canonical I
ddcb377e8022f5c59269,e999c1cd362bc36d,2026-08-24T08:10:13.304210+00:00,opportunity_created,G,,,,,,,Opportunity entered canonical I
a7a2470a1580c60cc8d3,74ef827840a7ed39,2026-08-24T08:10:19.682285+00:00,opportunity_created,G,,,,,,,Opportunity entered canonical I
63209f4498d69dc94bbf,55b9541521c6f6ae,2026-08-24T15:08:03.502332+00:00,opportunity_created,G,,,,,,,Opportunity entered canonical I
8bde597e735d2a11cd01,55b9541521c6f6ae,2026-08-24T15:08:18.540411+00:00,decision,G,New,,Not rated,Not rated,"Applied, might be too Senior also SAP direct experience is lacking",,Decision/feedback snapshot
5ab02108121263730f65,433d0ed522284afa,2026-08-25T13:14:51.828478+00:00,opportunity_created,G,,,,,,,Opportunity entered canonical I
85234ecd839fd54c705f,433d0ed522284afa,2026-08-25T13:14:51.828478+00:00,decision,G,New,,Not rated,Not rated,Link not working,,Decision/feedback snapshot
128a8fff52c156278749,1001b47ca3efa63a,2026-08-25T13:18:47.384582+00:00,decision,G,New,,Not rated,Not rated,Already applied in Add opportunity,,Decision/feedback snapshot
260a8a92fac014a97c40,1001b47ca3efa63a,2026-08-25T13:18:47.384582+00:00,opportunity_created,G,,,,,,,Opportunity entered canonical I
06f609871805dbebe108,9d71137f16abfa48,2026-08-25T13:23:26.339830+00:00,opportunity_created,G,,,,,,,Opportunity entered canonical I
b32e6775bd86e59b8e4c,9d71137f16abfa48,2026-08-25T13:24:02.225590+00:00,decision,G,New,,Not rated,Not rated,"link not working, already applied in add opportunity",,Decision/feedback snapshot
6289bfad1e5b7b83c361,ecb3107de3fc600b,2026-08-25T13:30:07.949843+00:00,opportunity_created,G,,,,,,,Opportunity entered canonical I
62cfb42cf036f09618d6,ecb3107de3fc600b,2026-08-25T13:30:07.949843+00:00,decision,G,New,,Not rated,Not rated,"Applied, good fit",,Decision/feedback snapshot
37812776657659f8797c,2cc64a6c24f26a8f,2026-08-25T13:30:20.409382+00:00,decision,G,New,,Not rated,Not rated,Link not working,,Decision/feedback snapshot
e2a710d3c07dd45d143d,2cc64a6c24f26a8f,2026-08-25T13:30:20.409382+00:00,opportunity_created,G,,,,,,,Opportunity entered canonical I
8702a01d5dd472b1d03c,f7e6a9d264b702c2,2026-08-25T13:31:49.451102+00:00,opportunity_created,G,,,,,,,Opportunity entered canonical I
eb13f0133b319dbd8aba,f7e6a9d264b702c2,2026-08-25T13:32:34.587752+00:00,decision,G,New,,Not rated,Not rated,Too much SAP requirement,,Decision/feedback snapshot
244a1b09baea39c2e90a,5bf017acebde3c48,2026-08-25T14:30:40.450979+00:00,opportunity_created,G,,,,,,,Opportunity entered canonical I
6aed7105ffd2aa4aef60,5bf017acebde3c48,2026-08-25T14:30:40.450979+00:00,decision,G,New,,Not rated,Not rated,Applied,,Decision/feedback snapshot
762fcc7130a533449401,ad0d08994f3f1226,2026-08-25T14:37:18.186577+00:00,opportunity_created,G,,,,,,,Opportunity entered canonical I
95f907a064ddeae5e04e,ad0d08994f3f1226,2026-08-25T14:37:18.186577+00:00,decision,G,New,,Not rated,Not rated,Applied,,Decision/feedback snapshot
ed673a6a256cadd400b2,6c8d38bce692ccc5,2026-08-25T14:37:28.590689+00:00,opportunity_created,G,,,,,,,Opportunity entered canonical I
1a1044479a785eb75b44,6c8d38bce692ccc5,2026-08-25T14:42:52.910103+00:00,decision,G,New,,Not rated,Not rated,Not interested in trading bonds,,Decision/feedback snapshot
ca40e41569bb7d49cf99,372f3c7eab580934,2026-08-25T14:43:00.883803+00:00,opportunity_created,G,,,,,,,Opportunity entered canonical I
b1a9beeaba64ed5533ae,372f3c7eab580934,2026-08-25T14:43:11.190064+00:00,decision,G,New,,Not rated,Not rated,"Good fit, applied",,Decision/feedback snapshot
8443a3c27d9cf0802aa5,631244fce9f6f3fd,2026-08-25T14:43:42.773012+00:00,opportunity_created,G,,,,,,,Opportunity entered canonical I
b68bd9af9b67ad394b7a,631244fce9f6f3fd,2026-08-25T14:43:42.773012+00:00,decision,G,New,,Not rated,Not rated,Link not working maybe too senior,,Decision/feedback snapshot
3c9661790bcd04ff371c,5a42b4d1211c8127,2026-08-25T14:44:03.259580+00:00,decision,G,New,,Not rated,Not rated,Link not working,,Decision/feedback snapshot
cb5501121d0bf2b774b8,5a42b4d1211c8127,2026-08-25T14:44:03.259580+00:00,opportunity_created,G,,,,,,,Opportunity entered canonical I
0ac1077f94c0fb06c3a5,a991f98ac58949f8,2026-08-25T14:44:22.035515+00:00,decision,G,New,,Not rated,Not rated,too much credit risk,,Decision/feedback snapshot
4dda01432c033792367d,a991f98ac58949f8,2026-08-25T14:44:22.035515+00:00,opportunity_created,G,,,,,,,Opportunity entered canonical I
0210dc9ea1c887e10a61,8af03a2e258844e4,2026-08-25T14:44:33.370487+00:00,decision,G,New,,Not rated,Not rated,Low salary,,Decision/feedback snapshot
083889f0d571b87fab9c,8af03a2e258844e4,2026-08-25T14:44:33.370487+00:00,opportunity_created,G,,,,,,,Opportunity entered canonical I
57837be48b1b2f8409c0,7b4bf8be3be24209,2026-08-25T14:45:22.866235+00:00,decision,G,New,,Not rated,Not rated,5+ years of experience might be too senior otherwise ok,,Decision/feedback snapshot
aa2ffe51866f64aaf42e,7b4bf8be3be24209,2026-08-25T14:45:22.866235+00:00,opportunity_created,G,,,,,,,Opportunity entered canonical I
313c36f826ed341be677,bcdc9a452bb69211,2026-08-25T14:45:45.388980+00:00,opportunity_created,G,,,,,,,Opportunity entered canonical I
507ba05b73bf95c6d8be,bcdc9a452bb69211,2026-08-25T14:45:58.998432+00:00,decision,G,New,,Not rated,Not rated,"Fluency in a Nordic language is a prerequisite, could have been easily verified",,Decision/feedback snapshot
9ae64231f6a3350dae56,daea9e85342ff14d,2026-08-25T14:46:30.619074+00:00,decision,G,New,,Not rated,Not rated,Norvweigian,,Decision/feedback snapshot
9bed7f1fa9f365786447,daea9e85342ff14d,2026-08-25T14:46:30.619074+00:00,opportunity_created,G,,,,,,,Opportunity entered canonical I
2381b2edcdf4dc04b6be,4b62f8d2a94e0133,2026-08-25T14:47:01.354133+00:00,opportunity_created,G,,,,,,,Opportunity entered canonical I
875c2c5eaf9610a44781,4b62f8d2a94e0133,2026-08-25T14:47:01.354133+00:00,decision,G,New,,Not rated,Not rated,Passed the deadline,,Decision/feedback snapshot
1cc31006ed44804b08c9,B:af778c24f3a6ccf4,2026-08-25T19:33:21.816243+00:00,decision,B,Apply,,Not rated,Positive,,,Decision/feedback snapshot
743a74f134596b1d0a17,B:af778c24f3a6ccf4,2026-08-25T19:33:21.816243+00:00,application_stage,B,,Applied,,,,,Canonical B manual application intake
d9e5b624834ca72229bb,B:af778c24f3a6ccf4,2026-08-25T19:33:21.816243+00:00,opportunity_created,B,,,,,,,Opportunity entered canonical I
56cab9d2b05217add17b,5dbcd46003c16276,2026-08-25T19:44:15.909800+00:00,decision,G,New,,Not rated,Not rated,Salary too low,,Decision/feedback snapshot
ff029cd7072ab71c55f8,5dbcd46003c16276,2026-08-25T19:44:15.909800+00:00,opportunity_created,G,,,,,,,Opportunity entered canonical I
408ed68de81e18e136d7,1c367a65b7ad44f1,2026-08-25T19:45:42.954227+00:00,decision,G,New,,Not rated,Not rated,Kind of boring,,Decision/feedback snapshot
b52613c44a4ef240d5ae,1c367a65b7ad44f1,2026-08-25T19:45:42.954227+00:00,opportunity_created,G,,,,,,,Opportunity entered canonical I
288eb44e236724e5c1ab,ef6d37436f1003c2,2026-08-25T19:45:54.155411+00:00,opportunity_created,G,,,,,,,Opportunity entered canonical I
8f3db9c64338fbf887d5,ef6d37436f1003c2,2026-08-25T19:45:54.155411+00:00,decision,G,New,,Not rated,Not rated,Too outreach,,Decision/feedback snapshot
6a06edbcbbc8ef2328a5,d45a7ac0e1e28811,2026-08-25T19:46:04.083412+00:00,decision,G,New,,Not rated,Not rated,Not that cool,,Decision/feedback snapshot
bfd8eca58f3212b4b27c,d45a7ac0e1e28811,2026-08-25T19:46:04.083412+00:00,opportunity_created,G,,,,,,,Opportunity entered canonical I
2952abddb997e0acacc2,2020857c6d02cafb,2026-08-25T19:46:21.449568+00:00,decision,G,New,,Not rated,Not rated,Expired,,Decision/feedback snapshot
b33705c172630e8b687b,2020857c6d02cafb,2026-08-25T19:46:21.449568+00:00,opportunity_created,G,,,,,,,Opportunity entered canonical I
28ec955237f8dbaf5f55,4d8174f94d126980,2026-08-25T19:47:33.697547+00:00,decision,G,New,,Not rated,Not rated,Too quant math role,,Decision/feedback snapshot
a19a5b005ef161944da5,4d8174f94d126980,2026-08-25T19:47:33.697547+00:00,opportunity_created,G,,,,,,,Opportunity entered canonical I
811844e3133d41cc27a4,22836df63a60c592,2026-08-25T19:47:59.416411+00:00,decision,G,New,,Not rated,Not rated,German maybe too required,,Decision/feedback snapshot
b3fd038d4d5d3614155f,22836df63a60c592,2026-08-25T19:47:59.416411+00:00,opportunity_created,G,,,,,,,Opportunity entered canonical I
589092f0af9efae27769,a73d5bd77e62f237,2026-08-25T19:48:24.088150+00:00,decision,G,New,,Not rated,Not rated,Too quant,,Decision/feedback snapshot
b0865c6e8689050d46be,a73d5bd77e62f237,2026-08-25T19:48:24.088150+00:00,opportunity_created,G,,,,,,,Opportunity entered canonical I
8de0470c9eaf2da3a390,c2f3cd8a54330a42,2026-08-25T19:50:14.869858+00:00,opportunity_created,G,,,,,,,Opportunity entered canonical I
b8b3a78041ad6180053f,c2f3cd8a54330a42,2026-08-25T19:50:14.869858+00:00,decision,G,New,,Not rated,Not rated,"Commercial role, busines analyst not finance",,Decision/feedback snapshot
c41e622d9ccef46ad806,e11b7704eeb66b68,2026-08-25T19:51:11.650263+00:00,opportunity_created,G,,,,,,,Opportunity entered canonical I
ff02f0fb7b7e0bcae720,e11b7704eeb66b68,2026-08-25T19:51:11.650263+00:00,decision,G,New,,Not rated,Not rated,Lack of execution role in trading,,Decision/feedback snapshot
6b2822e696de79c973bc,da0fb4654435f53b,2026-08-25T19:51:27.318454+00:00,decision,G,New,,Not rated,Not rated,Too senior for UK,,Decision/feedback snapshot
ff45a38bace6453e4cc3,da0fb4654435f53b,2026-08-25T19:51:27.318454+00:00,opportunity_created,G,,,,,,,Opportunity entered canonical I
0772263c37beb39eaa6c,0b33d8db7c36525d,2026-08-25T19:52:48.213125+00:00,opportunity_created,G,,,,,,,Opportunity entered canonical I
f689beb8ce429d50f2ff,0b33d8db7c36525d,2026-08-25T19:52:48.213125+00:00,decision,G,New,,Not rated,Not rated,Too quantitative,,Decision/feedback snapshot
358a1b4c272ff24d7e5e,b1c1b759dc949048,2026-08-25T20:07:22.528277+00:00,decision,G,New,,Not rated,Not rated,Applied,,Decision/feedback snapshot
f62b659aa29cbaa4893a,b1c1b759dc949048,2026-08-25T20:07:22.528277+00:00,opportunity_created,G,,,,,,,Opportunity entered canonical I
a73f3c12c63b97817216,3eab515c0c95c050,2026-08-26T21:38:22.206896+00:00,opportunity_created,G,,,,,,,Opportunity entered canonical I
e252a9e404c4e177a01a,3eab515c0c95c050,2026-08-26T21:38:22.206896+00:00,decision,G,New,,Not rated,Not rated,Pozice dobra ale jen na 6 mesicu,,Decision/feedback snapshot
675856c75ed9cba2ec34,92cd1c6ad72d4d85,2026-08-26T21:39:27.977585+00:00,decision,G,New,,Not rated,Not rated,to stejne jako nad tim,,Decision/feedback snapshot
b56a71a803dae0f265bc,92cd1c6ad72d4d85,2026-08-26T21:39:27.977585+00:00,opportunity_created,G,,,,,,,Opportunity entered canonical I
6ca13e03b9b49288d37a,3eab515c0c95c050,2026-08-26T21:39:41.532293+00:00,decision,G,New,,Not rated,Not rated,"Zajimave, ale jen na 6 mesicu",,Decision/feedback snapshot
b585d35ab97d128927fa,ab9a26c5a9700a15,2026-08-26T21:40:33.403651+00:00,opportunity_created,G,,,,,,,Opportunity entered canonical I
ed5646cb78be175541c7,ab9a26c5a9700a15,2026-08-26T21:40:33.403651+00:00,decision,G,New,,Not rated,Not rated,MIndestens 5 years too senior,,Decision/feedback snapshot
5ab1f22bc24e252f12ff,a5d0f04be927dcb3,2026-08-26T21:40:59.638640+00:00,opportunity_created,G,,,,,,,Opportunity entered canonical I
e4e190a73a45cf14eff4,a5d0f04be927dcb3,2026-08-26T21:40:59.638640+00:00,decision,G,New,,Not rated,Not rated,"Zajimave, ale jen na 6 mesicu",,Decision/feedback snapshot
ec2ee75d58a7e27024e4,3eab515c0c95c050,2026-08-26T21:41:07.253421+00:00,decision,G,New,,Not rated,Not rated,to stejne jako nad tim,,Decision/feedback snapshot
6725b8c751b5d18a1d64,B:45ce9291e5573afa,2026-08-26T21:50:14.963123+00:00,decision,B,Apply,,Not rated,Positive,,,Decision/feedback snapshot
7c0e703d33596a42dc70,B:45ce9291e5573afa,2026-08-26T21:50:14.963123+00:00,application_stage,B,,Applied,,,,,Canonical B manual application intake
df63aa0df710e7c50f8a,B:45ce9291e5573afa,2026-08-26T21:50:14.963123+00:00,opportunity_created,B,,,,,,,Opportunity entered canonical I
8a29d81fb0cbef273d40,B:39a2cf46b384edeb,2026-08-26T22:13:27.810628+00:00,opportunity_created,B,,,,,,,Opportunity entered canonical I
e244913b97eb0ab0e81e,B:39a2cf46b384edeb,2026-08-26T22:13:27.810628+00:00,decision,B,Apply,,Not rated,Positive,,,Decision/feedback snapshot
fd606a406b2826e71134,B:39a2cf46b384edeb,2026-08-26T22:13:27.810628+00:00,application_stage,B,,Applied,,,,,Canonical B manual application intake
152dbe3d8ed815c5d1d7,51187f5215e9e92d,2026-08-28T21:01:27.173816+00:00,opportunity_created,G,,,,,,,Opportunity entered canonical I
837d5bd710e247ab1d7c,51187f5215e9e92d,2026-08-28T21:01:27.173816+00:00,decision,G,New,,Not rated,Not rated,fluent in at least one nordic language so not,,Decision/feedback snapshot
19683777fd269aa169b2,9d8ede39c6840397,2026-08-28T21:02:04.672270+00:00,opportunity_created,G,,,,,,,Opportunity entered canonical I
ced544468c8f1c028b38,9d8ede39c6840397,2026-08-28T21:02:04.672270+00:00,decision,G,New,,Not rated,Not rated,fluent deutsch,,Decision/feedback snapshot
dd6567c44d809a655818,02fb0f8909bc4aae,2026-08-28T21:05:51.448677+00:00,opportunity_created,G,,,,,,,Opportunity entered canonical I
e9b6c078aeb536eef9e4,02fb0f8909bc4aae,2026-08-28T21:05:51.448677+00:00,decision,G,New,,Not rated,Not rated,10 year experience,,Decision/feedback snapshot
b56cddfc3b73cfa51e10,bba662ad8482a5fc,2026-08-28T21:06:42.163431+00:00,decision,G,New,,Not rated,Not rated,Swedish necessary,,Decision/feedback snapshot
fc0ffc107ad4b3a71440,bba662ad8482a5fc,2026-08-28T21:06:42.163431+00:00,opportunity_created,G,,,,,,,Opportunity entered canonical I
048c6681435917b9fc03,B:4846899c214ec7a1,2026-08-29T14:05:22.181340+00:00,decision,B,Apply,,Not rated,Positive,,,Decision/feedback snapshot
0f166bf38f9f4f226412,B:4846899c214ec7a1,2026-08-29T14:05:22.181340+00:00,application_stage,B,,Applied,,,,,Canonical B manual application intake
cbda32472f91ab7d1c2c,B:4846899c214ec7a1,2026-08-29T14:05:22.181340+00:00,opportunity_created,B,,,,,,,Opportunity entered canonical I
003c7ecf9f83251f0076,B:572975b304c637c9,2026-08-29T19:30:24.609473+00:00,opportunity_created,B,,,,,,,Opportunity entered canonical I
1c3ad44bc8383b08fb23,B:572975b304c637c9,2026-08-29T19:30:24.609473+00:00,application_stage,B,,Applied,,,,,Canonical B manual application intake
eeacd4c6179bdce385c0,B:572975b304c637c9,2026-08-29T19:30:24.609473+00:00,decision,B,Apply,,Not rated,Positive,,,Decision/feedback snapshot
28f827ead41a268fd68b,B:0c51a3dc5a15d0b7,2026-08-29T19:45:46.758040+00:00,decision,B,Apply,,Not rated,Positive,User-supplied positive example,,Decision/feedback snapshot
2b1329bfca995bf62bc2,B:0c51a3dc5a15d0b7,2026-08-29T19:45:46.758040+00:00,decision,B,Apply,,Not rated,Positive,,,Decision/feedback snapshot
633fbc36a4474519571c,B:0c51a3dc5a15d0b7,2026-08-29T19:45:46.758040+00:00,application_stage,B,,Applied,,,,,Canonical B manual application intake
75c8a43f142a58aac48b,B:0c51a3dc5a15d0b7,2026-08-29T19:45:46.758040+00:00,opportunity_created,B,,,,,,,Opportunity entered canonical I
0d0851f6aa101fd63768,B:3fcf92e486ec222d,2026-08-29T20:59:42.445891+00:00,decision,B,Apply,,Not rated,Positive,,,Decision/feedback snapshot
4f5514216b283d5b407f,B:3fcf92e486ec222d,2026-08-29T20:59:42.445891+00:00,application_stage,B,,Applied,,,,,Canonical B manual application intake
840577c43f97214b18b4,B:3fcf92e486ec222d,2026-08-29T20:59:42.445891+00:00,opportunity_created,B,,,,,,,Opportunity entered canonical I
49a22fe63ea3ec143ffc,B:1f5a3672580c3669,2026-08-29T21:11:36.283959+00:00,opportunity_created,B,,,,,,,Opportunity entered canonical I
aa9bbf479480461eaead,B:1f5a3672580c3669,2026-08-29T21:11:36.283959+00:00,application_stage,B,,Applied,,,,,Canonical B manual application intake
f14fa1a00d5675984831,B:1f5a3672580c3669,2026-08-29T21:11:36.283959+00:00,decision,B,Apply,,Not rated,Positive,,,Decision/feedback snapshot
5794530a562cc5042a4a,B:a491eef4c9e299b9,2026-08-29T21:25:42.195153+00:00,decision,B,Apply,,Not rated,Positive,,,Decision/feedback snapshot
81e8312852b8d6d31ea9,B:a491eef4c9e299b9,2026-08-29T21:25:42.195153+00:00,opportunity_created,B,,,,,,,Opportunity entered canonical I
f0e4a9fb56f05ca0b3fb,B:a491eef4c9e299b9,2026-08-29T21:25:42.195153+00:00,application_stage,B,,Applied,,,,,Canonical B manual application intake
464b93feaece230f8d6b,B:94e55e393b0105a9,2026-08-29T21:29:56.003629+00:00,opportunity_created,B,,,,,,,Opportunity entered canonical I
493e0369aeae890fab5d,B:94e55e393b0105a9,2026-08-29T21:29:56.003629+00:00,decision,B,Apply,,Not rated,Positive,,,Decision/feedback snapshot
744a0bc2cb6b6b0ee547,B:94e55e393b0105a9,2026-08-29T21:29:56.003629+00:00,application_stage,B,,Applied,,,,,Canonical B manual application intake
af5cdddac964f981f80f,B:52513c4a339c03a1,2026-08-29T21:51:25.887317+00:00,decision,B,Apply,,Not rated,Positive,,,Decision/feedback snapshot
c4bd6fe5bbca26025a70,B:52513c4a339c03a1,2026-08-29T21:51:25.887317+00:00,opportunity_created,B,,,,,,,Opportunity entered canonical I
dbe5e444124972fb10c4,B:52513c4a339c03a1,2026-08-29T21:51:25.887317+00:00,application_stage,B,,Applied,,,,,Canonical B manual application intake
193bdd02c7f4551b1936,f13d28ce8b279ad0,2026-08-30T18:08:55.492295+00:00,application_stage,Big Four,,Applied,,,,,
e49e2675851d4caecbb9,f13d28ce8b279ad0,2026-08-30T18:08:55.492295+00:00,decision,Big Four,Apply,,Not rated,Not rated,,,Decision/feedback snapshot
33df9425f9531008a053,996f717c55bd25a9,2026-08-30T18:09:07.979408+00:00,application_stage,Big Four,,Applied,,,,,
3c03ccfb8e0c6ecb67d0,996f717c55bd25a9,2026-08-30T18:09:07.979408+00:00,decision,Big Four,Apply,,Not rated,Not rated,,,Decision/feedback snapshot
142f7d8f4b8dff35dce0,1bcc885a71fe948e,2026-08-30T18:09:16.171300+00:00,decision,Big Four,Skip,,Not rated,Not rated,,,Decision/feedback snapshot
123e7253bcf29202d624,2813259323b9d49e,2026-08-30T18:09:23.267281+00:00,decision,Big Four,Skip,,Not rated,Not rated,,,Decision/feedback snapshot
71acbb0c5b1d177fcf0b,ef16e2ff5228c8b2,2026-08-30T18:09:30.293271+00:00,decision,Big Four,Skip,,Not rated,Not rated,,,Decision/feedback snapshot
1ee639c1497ca4613d0e,e061815f2a2ee0be,2026-08-30T18:09:37.975918+00:00,decision,Big Four,Skip,,Not rated,Not rated,,,Decision/feedback snapshot
abad04583f5866e7374d,2241a41f6003ba2b,2026-08-30T18:09:44.810153+00:00,decision,Big Four,Skip,,Not rated,Not rated,,,Decision/feedback snapshot
21c6d23404275df9965a,cbde71b0f8268e70,2026-08-30T18:09:56.299213+00:00,decision,Big Four,Skip,,Not rated,Not rated,,,Decision/feedback snapshot
607832397065a21b9ba9,527d82b47865b1e8,2026-08-30T18:10:11.161513+00:00,application_stage,Big Four,,Applied,,,,,
f4e673ef94d4f9fc5fe2,527d82b47865b1e8,2026-08-30T18:10:11.161513+00:00,decision,Big Four,Apply,,Not rated,Not rated,,,Decision/feedback snapshot
c1a414379d0764d7884c,b5b66258ebb101d2,2026-08-30T18:10:20.695786+00:00,application_stage,Big Four,,Applied,,,,,
decc656cbe6e50c42381,b5b66258ebb101d2,2026-08-30T18:10:20.695786+00:00,decision,Big Four,Apply,,Not rated,Not rated,,,Decision/feedback snapshot
989824c53592796bb3c7,75e611523f8454da,2026-08-30T18:10:29.210848+00:00,decision,Big Four,Apply,,Not rated,Not rated,,,Decision/feedback snapshot
a125e11c8d40e8553663,75e611523f8454da,2026-08-30T18:10:29.210848+00:00,application_stage,Big Four,,Applied,,,,,
4c23de473d89111bd49b,0b49186b65933e06,2026-08-30T18:10:40.959573+00:00,decision,Big Four,Skip,,Not rated,Not rated,,,Decision/feedback snapshot
b0e793a48d43f351b58d,22836df63a60c592,2026-08-30T18:10:49.483113+00:00,application_stage,Big Four,,Applied,,,,,
cd1816756c50d62a3186,22836df63a60c592,2026-08-30T18:10:49.483113+00:00,decision,Big Four,Apply,,Not rated,Not rated,,,Decision/feedback snapshot
3652d0b0a711033d5cfd,db35f6a5476b9197,2026-08-30T18:10:58.330754+00:00,decision,Big Four,Skip,,Not rated,Not rated,,,Decision/feedback snapshot
d26c92e9af141b5b0ae9,4b88e123713e303f,2026-08-30T18:11:05.693411+00:00,decision,Big Four,Skip,,Not rated,Not rated,,,Decision/feedback snapshot
861fa8d52b67035bda48,a0cc82edfaec98af,2026-08-30T18:11:21.435160+00:00,decision,Big Four,Skip,,Not rated,Not rated,,,Decision/feedback snapshot
ce83c1f70439725ee545,8ffae4b4edb25bc1,2026-08-30T18:11:32.776040+00:00,decision,Big Four,Skip,,Not rated,Not rated,,,Decision/feedback snapshot
cab5bf63f3cce34619e8,47a91b0fb536ccbd,2026-08-30T18:11:40.810010+00:00,decision,Big Four,Apply,,Not rated,Not rated,,,Decision/feedback snapshot
eeff9dc2252fa8fe07ac,47a91b0fb536ccbd,2026-08-30T18:11:40.810010+00:00,application_stage,Big Four,,Applied,,,,,
2c59a16a60f35d8c830d,5a68696d63dc6b80,2026-08-30T18:11:52.658220+00:00,decision,Big Four,Apply,,Not rated,Not rated,,,Decision/feedback snapshot
af4c7535f2e29f9c3a60,5a68696d63dc6b80,2026-08-30T18:11:52.658220+00:00,application_stage,Big Four,,Applied,,,,,
ca84e93ef76386ddbddd,cc5d9739be66b966,2026-08-30T18:12:03.891025+00:00,decision,Big Four,Skip,,Not rated,Not rated,,,Decision/feedback snapshot
ab268cbe693a6871203a,af85284120a2db74,2026-08-30T18:43:21.435907+00:00,application_stage,Big Four,,Applied,,,,,
f0bd17ffc731833b97b9,af85284120a2db74,2026-08-30T18:43:21.435907+00:00,decision,Big Four,Apply,,Not rated,Not rated,,,Decision/feedback snapshot
7fcac17e407b3a4b23fa,513e60989f2a985e,2026-08-30T18:43:28.423460+00:00,decision,Big Four,Apply,,Not rated,Not rated,,,Decision/feedback snapshot
915a0d744826683589d6,513e60989f2a985e,2026-08-30T18:43:28.423460+00:00,application_stage,Big Four,,Applied,,,,,
8b03b16edc97943fc30a,a916b4567772678d,2026-08-30T18:43:36.022437+00:00,decision,Big Four,Apply,,Not rated,Not rated,,,Decision/feedback snapshot
ff0dfc937b8fa42a5f62,a916b4567772678d,2026-08-30T18:43:36.022437+00:00,application_stage,Big Four,,Applied,,,,,
4b4cfa7870c411956ef4,1b40a7f72ba6c887,2026-08-30T18:43:44.674656+00:00,decision,Big Four,Apply,,Not rated,Not rated,,,Decision/feedback snapshot
7b8bd9f125ebc792c53b,1b40a7f72ba6c887,2026-08-30T18:43:44.674656+00:00,application_stage,Big Four,,Applied,,,,,
1638e10c0069b8ff3067,stepstone-de_14364165,2026-09-04T19:35:58.327097+00:00,opportunity_created,G,,,,,,,Opportunity entered canonical I
1a8d1fe59e19c766ccd0,stepstone-de_14364165,2026-09-04T19:35:58.327097+00:00,decision,G,Skip,,Not rated,Not rated,,,Decision/feedback snapshot
36f0a1b8e2dd7e5325ea,stepstone-de_14314571,2026-09-04T19:36:28.699775+00:00,decision,G,Apply,,Not rated,Not rated,,,Decision/feedback snapshot
67d2dcda1b72d4dff064,stepstone-de_14314571,2026-09-04T19:36:28.699775+00:00,application_stage,G,,Applied,,,,,
fa10629459679aad590b,stepstone-de_14314571,2026-09-04T19:36:28.699775+00:00,opportunity_created,G,,,,,,,Opportunity entered canonical I
9d77bf57da56dbfd7620,stepstone-de_14428838,2026-09-04T19:36:39.602878+00:00,opportunity_created,G,,,,,,,Opportunity entered canonical I
f64b699cd282637b0f63,stepstone-de_14428838,2026-09-04T19:36:39.602878+00:00,decision,G,Apply,,Not rated,Not rated,,,Decision/feedback snapshot
fa146fa631405dd746aa,stepstone-de_14428838,2026-09-04T19:36:39.602878+00:00,application_stage,G,,Applied,,,,,
869c064ddffdee854ff3,stepstone-de_14372091,2026-09-04T19:36:49.596497+00:00,opportunity_created,G,,,,,,,Opportunity entered canonical I
dd13798d9a11047f69de,stepstone-de_14372091,2026-09-04T19:36:49.596497+00:00,decision,G,Skip,,Not rated,Not rated,,,Decision/feedback snapshot
1adbb1924f830107b817,stepstone-de_14363719,2026-09-04T19:36:58.580040+00:00,opportunity_created,G,,,,,,,Opportunity entered canonical I
2baece7c25ddc7a23360,stepstone-de_14363719,2026-09-04T19:36:58.580040+00:00,decision,G,Skip,,Not rated,Not rated,,,Decision/feedback snapshot
836fd709ee4583710869,stepstone-de_14317130,2026-09-04T19:37:08.258495+00:00,opportunity_created,G,,,,,,,Opportunity entered canonical I
9d5d0aed015394e8f2bf,stepstone-de_14317130,2026-09-04T19:37:08.258495+00:00,decision,G,Apply,,Not rated,Not rated,,,Decision/feedback snapshot
daafe30586b5f3eb4f52,stepstone-de_14317130,2026-09-04T19:37:08.258495+00:00,application_stage,G,,Applied,,,,,
6a9d49562a464b09c46f,efinancialcareers_24697631,2026-09-04T19:37:21.994571+00:00,application_stage,G,,Applied,,,,,
6bd66b01c271dd9a024d,efinancialcareers_24697631,2026-09-04T19:37:21.994571+00:00,decision,G,Apply,,Not rated,Not rated,,,Decision/feedback snapshot
71ed10c60f1d0bc5df15,efinancialcareers_24697631,2026-09-04T19:37:21.994571+00:00,opportunity_created,G,,,,,,,Opportunity entered canonical I
a1ecffed3fd65db0bdaf,efinancialcareers_24738611,2026-09-04T19:37:30.983583+00:00,opportunity_created,G,,,,,,,Opportunity entered canonical I
a3c39f9f6f1473ec7171,efinancialcareers_24738611,2026-09-04T19:37:30.983583+00:00,decision,G,Apply,,Not rated,Not rated,,,Decision/feedback snapshot
c21eb332d3fc9465bf4b,efinancialcareers_24738611,2026-09-04T19:37:30.983583+00:00,application_stage,G,,Applied,,,,,
a152cfb78fdb6b9ad68e,efinancialcareers_24740258,2026-09-04T19:37:40.720190+00:00,opportunity_created,G,,,,,,,Opportunity entered canonical I
bbea73bd1e869305e2f4,efinancialcareers_24740258,2026-09-04T19:37:40.720190+00:00,decision,G,Apply,,Not rated,Not rated,,,Decision/feedback snapshot
f73f8d70cce792d5884f,efinancialcareers_24740258,2026-09-04T19:37:40.720190+00:00,application_stage,G,,Applied,,,,,
748d1dec146c051b59f5,stepstone-de_14312857,2026-09-06T20:56:22.957850+00:00,opportunity_created,G,,,,,,,Opportunity entered canonical I
8da2f5b79c12fbdd8ead,stepstone-de_14312857,2026-09-06T20:56:22.957850+00:00,decision,G,Apply,,Not rated,Not rated,,,Decision/feedback snapshot
f7df110c5d8214cd051f,stepstone-de_14312857,2026-09-06T20:56:22.957850+00:00,application_stage,G,,Applied,,,,,
149cf3e8f20cdb7dd7eb,efinancialcareers_24436784,2026-09-06T20:57:01.452065+00:00,opportunity_created,G,,,,,,,Opportunity entered canonical I
36df6948719dd107051b,efinancialcareers_24436784,2026-09-06T20:57:01.452065+00:00,application_stage,G,,Applied,,,,,
d4cc1444169925fd8f8e,efinancialcareers_24436784,2026-09-06T20:57:01.452065+00:00,decision,G,Apply,,Not rated,Positive,,,Decision/feedback snapshot
272ccd5d18a449288ec1,indeed-fi_d463280abdf30a59,2026-09-06T20:57:18.365773+00:00,decision,G,Apply,,Positive,Positive,,,Decision/feedback snapshot
554809291a5a3ea5b74f,indeed-fi_d463280abdf30a59,2026-09-06T20:57:18.365773+00:00,application_stage,G,,Applied,,,,,
5e3499d9f8eb423bcb07,indeed-fi_d463280abdf30a59,2026-09-06T20:57:18.365773+00:00,opportunity_created,G,,,,,,,Opportunity entered canonical I
45016a62dd0246964497,indeed-fi_5b136c27327ba372,2026-09-06T20:58:32.384101+00:00,decision,G,Apply,,Not rated,Not rated,,,Decision/feedback snapshot
ba867fd3c6197df10f63,indeed-fi_5b136c27327ba372,2026-09-06T20:58:32.384101+00:00,application_stage,G,,Applied,,,,,
f891931751d0f45d9886,indeed-fi_5b136c27327ba372,2026-09-06T20:58:32.384101+00:00,opportunity_created,G,,,,,,,Opportunity entered canonical I
17e34f7e8d624ee919ad,e999c1cd362bc36d,2026-08-24T08:10:00+00:00,decision,G,Apply,,Not rated,Positive,"Link not working, found applied good fit",,Decision/feedback snapshot
2d89f473413099bfff2b,74ef827840a7ed39,2026-08-24T08:10:00+00:00,application_stage,G,,Applied,,,,,
54928a0e2eda6535572c,74ef827840a7ed39,2026-08-24T08:10:00+00:00,decision,G,Apply,,Not rated,Positive,Applied good fit,,Decision/feedback snapshot
7de6d8fd0cfaaa045252,fef9ac5cca247be6,2026-08-24T08:10:00+00:00,application_stage,G,,Applied,,,,,
d3fddadc367a53bc93f3,e999c1cd362bc36d,2026-08-24T08:10:00+00:00,application_stage,G,,Applied,,,,,
d8e4176905c1d542a6e9,fef9ac5cca247be6,2026-08-24T08:10:00+00:00,decision,G,Apply,,Not rated,Neutral,"Okay applied, probably too senior with 5-7 years of experience",,Decision/feedback snapshot
