submitted_at,scope,feedback
2026-08-20T11:46:49.352557+00:00,Big Four,In line agree
2026-08-20T11:47:05.849763+00:00,Consulting,In line agree
2026-08-20T11:47:52.988496+00:00,Corporate,In line agree
2026-08-20T11:48:29.242360+00:00,Banking & Financial Services,In line agree
2026-08-20T11:49:44.647402+00:00,Private Equity & Private Markets,"Agree the sourcing was not correct more on investment analyst in PE funds with active involvement in the process and managing portfolio companies, not supporting roles, valuation of portfolio fine, no real estate."
2026-08-20T11:50:15.545862+00:00,Investment Banking,Missing
2026-08-20T11:50:28.351121+00:00,Holding & Conglomerate,Missing
2026-08-20T11:51:09.771989+00:00,Public Markets & Asset Management,"In line, Asset management public private equities not portfolio of assets or clients"
2026-08-20T11:51:44.267199+00:00,Specialist & Boutique Funds,"In line, small and not diverse sample"
